3000001	COURSE-0	CB-1	1	2048323
3000002	COURSE-1	CB-1	4	2016047
3000003	COURSE-2	CB-3	3	2029581
3000004	COURSE-3	CB-3	1	2008978
3000005	COURSE-4	CB-3	2	2029977
3000006	COURSE-5	CB-2	1	2032991
3000007	COURSE-6	CB-2	2	2048494
3000008	COURSE-7	CB-2	1	2043252
3000009	COURSE-8	CB-2	3	2038314
3000010	COURSE-9	CB-1	3	2016633
3000011	COURSE-10	CB-3	1	2018551
3000012	COURSE-11	CB-1	3	2043344
3000013	COURSE-12	CB-3	2	2022417
3000014	COURSE-13	CB-2	3	2026325
3000015	COURSE-14	CB-1	1	2030007
3000016	COURSE-15	CB-1	1	2016331
3000017	COURSE-16	CB-2	3	2003864
3000018	COURSE-17	CB-1	3	2024247
3000019	COURSE-18	CB-1	2	2001044
3000020	COURSE-19	CB-3	1	2017434
3000021	COURSE-20	CB-1	3	2035242
3000022	COURSE-21	CB-1	1	2028126
3000023	COURSE-22	CB-3	3	2018954
3000024	COURSE-23	CB-3	2	2008341
3000025	COURSE-24	CB-1	3	2015762
3000026	COURSE-25	CB-2	3	2021598
3000027	COURSE-26	CB-2	2	2022825
3000028	COURSE-27	CB-3	1	2036622
3000029	COURSE-28	CB-1	2	2004583
3000030	COURSE-29	CB-1	2	2008531
3000031	COURSE-30	CB-2	3	2013735
3000032	COURSE-31	CB-1	4	2033860
3000033	COURSE-32	CB-3	3	2041635
3000034	COURSE-33	CB-1	3	2020813
3000035	COURSE-34	CB-3	3	2049435
3000036	COURSE-35	CB-2	4	2016622
3000037	COURSE-36	CB-3	2	2013308
3000038	COURSE-37	CB-2	1	2045967
3000039	COURSE-38	CB-2	3	2036786
3000040	COURSE-39	CB-1	1	2034001
3000041	COURSE-40	CB-2	2	2017667
3000042	COURSE-41	CB-3	2	2043587
3000043	COURSE-42	CB-1	4	2039932
3000044	COURSE-43	CB-1	2	2006355
3000045	COURSE-44	CB-2	4	2029409
3000046	COURSE-45	CB-3	3	2047569
3000047	COURSE-46	CB-2	3	2039092
3000048	COURSE-47	CB-1	2	2034236
3000049	COURSE-48	CB-2	1	2034454
3000050	COURSE-49	CB-2	3	2045032
3000051	COURSE-50	CB-1	3	2005117
3000052	COURSE-51	CB-2	2	2000710
3000053	COURSE-52	CB-3	2	2045904
3000054	COURSE-53	CB-3	1	2015982
3000055	COURSE-54	CB-1	1	2023387
3000056	COURSE-55	CB-1	1	2029268
3000057	COURSE-56	CB-1	1	2020254
3000058	COURSE-57	CB-1	3	2000680
3000059	COURSE-58	CB-3	2	2018627
3000060	COURSE-59	CB-2	1	2048070
3000061	COURSE-60	CB-3	2	2037726
3000062	COURSE-61	CB-2	1	2034963
3000063	COURSE-62	CB-1	2	2001675
3000064	COURSE-63	CB-2	2	2011986
3000065	COURSE-64	CB-1	3	2043950
3000066	COURSE-65	CB-2	1	2014078
3000067	COURSE-66	CB-3	2	2013481
3000068	COURSE-67	CB-2	3	2022575
3000069	COURSE-68	CB-3	2	2004762
3000070	COURSE-69	CB-2	3	2043887
3000071	COURSE-70	CB-1	3	2035754
3000072	COURSE-71	CB-3	1	2030682
3000073	COURSE-72	CB-3	2	2030347
3000074	COURSE-73	CB-2	4	2007163
3000075	COURSE-74	CB-1	1	2019145
3000076	COURSE-75	CB-3	3	2038400
3000077	COURSE-76	CB-3	4	2002295
3000078	COURSE-77	CB-2	1	2040274
3000079	COURSE-78	CB-3	3	2007148
3000080	COURSE-79	CB-1	2	2038660
3000081	COURSE-80	CB-3	2	2031748
3000082	COURSE-81	CB-2	3	2010250
3000083	COURSE-82	CB-2	3	2009265
3000084	COURSE-83	CB-2	4	2027568
3000085	COURSE-84	CB-2	2	2036879
3000086	COURSE-85	CB-3	3	2047230
3000087	COURSE-86	CB-1	3	2049685
3000088	COURSE-87	CB-2	2	2031891
3000089	COURSE-88	CB-1	3	2016068
3000090	COURSE-89	CB-3	2	2028148
3000091	COURSE-90	CB-1	3	2049575
3000092	COURSE-91	CB-2	3	2038917
3000093	COURSE-92	CB-3	1	2022268
3000094	COURSE-93	CB-2	2	2002699
3000095	COURSE-94	CB-1	3	2028457
3000096	COURSE-95	CB-2	4	2036105
3000097	COURSE-96	CB-3	2	2043079
3000098	COURSE-97	CB-3	2	2031419
3000099	COURSE-98	CB-1	3	2036778
3000100	COURSE-99	CB-1	2	2018847
3000101	COURSE-100	CB-3	1	2041710
3000102	COURSE-101	CB-1	2	2024810
3000103	COURSE-102	CB-3	2	2004604
3000104	COURSE-103	CB-2	2	2027158
3000105	COURSE-104	CB-3	2	2044066
3000106	COURSE-105	CB-1	2	2025988
3000107	COURSE-106	CB-1	1	2009601
3000108	COURSE-107	CB-3	3	2045828
3000109	COURSE-108	CB-2	3	2004307
3000110	COURSE-109	CB-1	3	2044155
3000111	COURSE-110	CB-3	2	2045261
3000112	COURSE-111	CB-2	2	2014055
3000113	COURSE-112	CB-1	1	2026121
3000114	COURSE-113	CB-3	2	2039928
3000115	COURSE-114	CB-1	1	2021787
3000116	COURSE-115	CB-2	1	2003783
3000117	COURSE-116	CB-2	2	2016847
3000118	COURSE-117	CB-1	1	2013783
3000119	COURSE-118	CB-3	3	2002380
3000120	COURSE-119	CB-1	2	2044279
3000121	COURSE-120	CB-2	3	2047851
3000122	COURSE-121	CB-2	3	2016812
3000123	COURSE-122	CB-3	4	2049532
3000124	COURSE-123	CB-2	1	2049713
3000125	COURSE-124	CB-3	2	2002662
3000126	COURSE-125	CB-2	3	2003473
3000127	COURSE-126	CB-2	3	2042300
3000128	COURSE-127	CB-2	2	2043499
3000129	COURSE-128	CB-1	3	2000199
3000130	COURSE-129	CB-2	2	2035583
3000131	COURSE-130	CB-2	1	2032428
3000132	COURSE-131	CB-2	2	2036341
3000133	COURSE-132	CB-3	2	2038183
3000134	COURSE-133	CB-1	2	2040049
3000135	COURSE-134	CB-3	2	2033741
3000136	COURSE-135	CB-2	1	2008439
3000137	COURSE-136	CB-1	1	2041832
3000138	COURSE-137	CB-1	2	2014661
3000139	COURSE-138	CB-1	3	2042011
3000140	COURSE-139	CB-3	2	2047360
3000141	COURSE-140	CB-1	2	2005120
3000142	COURSE-141	CB-2	2	2021522
3000143	COURSE-142	CB-2	1	2031796
3000144	COURSE-143	CB-2	2	2027595
3000145	COURSE-144	CB-2	3	2031002
3000146	COURSE-145	CB-3	2	2041478
3000147	COURSE-146	CB-1	3	2037095
3000148	COURSE-147	CB-2	2	2037054
3000149	COURSE-148	CB-3	3	2008307
3000150	COURSE-149	CB-3	2	2006041
3000151	COURSE-150	CB-1	2	2012999
3000152	COURSE-151	CB-1	1	2030766
3000153	COURSE-152	CB-2	1	2019775
3000154	COURSE-153	CB-1	3	2024012
3000155	COURSE-154	CB-2	3	2035880
3000156	COURSE-155	CB-2	2	2028821
3000157	COURSE-156	CB-2	3	2029717
3000158	COURSE-157	CB-3	2	2004821
3000159	COURSE-158	CB-1	1	2019275
3000160	COURSE-159	CB-2	2	2006700
3000161	COURSE-160	CB-3	2	2008734
3000162	COURSE-161	CB-2	4	2007020
3000163	COURSE-162	CB-2	2	2001126
3000164	COURSE-163	CB-3	2	2027567
3000165	COURSE-164	CB-1	2	2024782
3000166	COURSE-165	CB-1	3	2037922
3000167	COURSE-166	CB-1	3	2014637
3000168	COURSE-167	CB-3	2	2018948
3000169	COURSE-168	CB-1	3	2029504
3000170	COURSE-169	CB-1	2	2044065
3000171	COURSE-170	CB-3	1	2008992
3000172	COURSE-171	CB-2	3	2032554
3000173	COURSE-172	CB-2	4	2011068
3000174	COURSE-173	CB-2	4	2045159
3000175	COURSE-174	CB-2	2	2047021
3000176	COURSE-175	CB-3	3	2000616
3000177	COURSE-176	CB-2	2	2009268
3000178	COURSE-177	CB-1	2	2011504
3000179	COURSE-178	CB-3	2	2005260
3000180	COURSE-179	CB-1	1	2043305
3000181	COURSE-180	CB-3	1	2030438
3000182	COURSE-181	CB-3	1	2042845
3000183	COURSE-182	CB-1	2	2045426
3000184	COURSE-183	CB-3	3	2000888
3000185	COURSE-184	CB-3	2	2026033
3000186	COURSE-185	CB-2	2	2021349
3000187	COURSE-186	CB-2	3	2000100
3000188	COURSE-187	CB-3	2	2017889
3000189	COURSE-188	CB-2	1	2048273
3000190	COURSE-189	CB-1	3	2038775
3000191	COURSE-190	CB-3	4	2028035
3000192	COURSE-191	CB-2	2	2030705
3000193	COURSE-192	CB-2	1	2012667
3000194	COURSE-193	CB-3	1	2019820
3000195	COURSE-194	CB-2	1	2030223
3000196	COURSE-195	CB-2	3	2012827
3000197	COURSE-196	CB-2	3	2007274
3000198	COURSE-197	CB-2	3	2027129
3000199	COURSE-198	CB-3	3	2033141
3000200	COURSE-199	CB-2	1	2038903
3000201	COURSE-200	CB-3	2	2005270
3000202	COURSE-201	CB-3	3	2006664
3000203	COURSE-202	CB-1	1	2038820
3000204	COURSE-203	CB-2	1	2039953
3000205	COURSE-204	CB-3	2	2044484
3000206	COURSE-205	CB-3	3	2021664
3000207	COURSE-206	CB-2	2	2005485
3000208	COURSE-207	CB-3	3	2048202
3000209	COURSE-208	CB-3	1	2012206
3000210	COURSE-209	CB-1	2	2045147
3000211	COURSE-210	CB-2	2	2033580
3000212	COURSE-211	CB-1	2	2014424
3000213	COURSE-212	CB-1	2	2014968
3000214	COURSE-213	CB-1	3	2035992
3000215	COURSE-214	CB-1	3	2042019
3000216	COURSE-215	CB-2	2	2026210
3000217	COURSE-216	CB-2	1	2005419
3000218	COURSE-217	CB-1	2	2007067
3000219	COURSE-218	CB-1	2	2000550
3000220	COURSE-219	CB-2	3	2032841
3000221	COURSE-220	CB-1	2	2033644
3000222	COURSE-221	CB-2	2	2000596
3000223	COURSE-222	CB-3	3	2020788
3000224	COURSE-223	CB-1	3	2021073
3000225	COURSE-224	CB-1	1	2016454
3000226	COURSE-225	CB-1	2	2047873
3000227	COURSE-226	CB-2	2	2041925
3000228	COURSE-227	CB-1	3	2036786
3000229	COURSE-228	CB-3	3	2044427
3000230	COURSE-229	CB-1	2	2047786
3000231	COURSE-230	CB-1	2	2029582
3000232	COURSE-231	CB-1	2	2024425
3000233	COURSE-232	CB-1	2	2045925
3000234	COURSE-233	CB-1	3	2023368
3000235	COURSE-234	CB-2	2	2006274
3000236	COURSE-235	CB-3	2	2004063
3000237	COURSE-236	CB-1	1	2021401
3000238	COURSE-237	CB-1	2	2027882
3000239	COURSE-238	CB-1	2	2032171
3000240	COURSE-239	CB-2	2	2013735
3000241	COURSE-240	CB-3	2	2027384
3000242	COURSE-241	CB-1	1	2004493
3000243	COURSE-242	CB-3	2	2025260
3000244	COURSE-243	CB-1	1	2000433
3000245	COURSE-244	CB-1	3	2002119
3000246	COURSE-245	CB-2	1	2044201
3000247	COURSE-246	CB-2	2	2013295
3000248	COURSE-247	CB-2	4	2019663
3000249	COURSE-248	CB-3	3	2025180
3000250	COURSE-249	CB-1	2	2048621
3000251	COURSE-250	CB-2	3	2028524
3000252	COURSE-251	CB-3	3	2000989
3000253	COURSE-252	CB-2	1	2011667
3000254	COURSE-253	CB-1	3	2006205
3000255	COURSE-254	CB-2	3	2042287
3000256	COURSE-255	CB-2	4	2014633
3000257	COURSE-256	CB-1	3	2047379
3000258	COURSE-257	CB-2	2	2040953
3000259	COURSE-258	CB-1	1	2035873
3000260	COURSE-259	CB-3	1	2003407
3000261	COURSE-260	CB-2	3	2036331
3000262	COURSE-261	CB-1	1	2037243
3000263	COURSE-262	CB-1	4	2044112
3000264	COURSE-263	CB-2	2	2045288
3000265	COURSE-264	CB-1	3	2048298
3000266	COURSE-265	CB-1	2	2023726
3000267	COURSE-266	CB-3	1	2005440
3000268	COURSE-267	CB-2	2	2007571
3000269	COURSE-268	CB-1	2	2001211
3000270	COURSE-269	CB-2	2	2026110
3000271	COURSE-270	CB-3	3	2042730
3000272	COURSE-271	CB-2	3	2045607
3000273	COURSE-272	CB-1	4	2025567
3000274	COURSE-273	CB-1	4	2038290
3000275	COURSE-274	CB-2	2	2018673
3000276	COURSE-275	CB-2	2	2007501
3000277	COURSE-276	CB-3	3	2045286
3000278	COURSE-277	CB-3	1	2031080
3000279	COURSE-278	CB-3	3	2001756
3000280	COURSE-279	CB-1	2	2019835
3000281	COURSE-280	CB-1	3	2008387
3000282	COURSE-281	CB-1	1	2005975
3000283	COURSE-282	CB-1	3	2023032
3000284	COURSE-283	CB-3	1	2020256
3000285	COURSE-284	CB-1	3	2037545
3000286	COURSE-285	CB-3	2	2047608
3000287	COURSE-286	CB-2	2	2013864
3000288	COURSE-287	CB-3	2	2009320
3000289	COURSE-288	CB-1	3	2027143
3000290	COURSE-289	CB-3	2	2029423
3000291	COURSE-290	CB-1	2	2045959
3000292	COURSE-291	CB-3	2	2015676
3000293	COURSE-292	CB-3	3	2006021
3000294	COURSE-293	CB-3	4	2015393
3000295	COURSE-294	CB-2	3	2017546
3000296	COURSE-295	CB-2	3	2037069
3000297	COURSE-296	CB-2	3	2015126
3000298	COURSE-297	CB-1	4	2020614
3000299	COURSE-298	CB-1	3	2033093
3000300	COURSE-299	CB-1	2	2024221
3000301	COURSE-300	CB-2	4	2008175
3000302	COURSE-301	CB-1	2	2003388
3000303	COURSE-302	CB-2	2	2046178
3000304	COURSE-303	CB-3	1	2046361
3000305	COURSE-304	CB-2	3	2015505
3000306	COURSE-305	CB-2	1	2029666
3000307	COURSE-306	CB-2	1	2034579
3000308	COURSE-307	CB-2	2	2032285
3000309	COURSE-308	CB-3	3	2029414
3000310	COURSE-309	CB-3	3	2038854
3000311	COURSE-310	CB-2	4	2033727
3000312	COURSE-311	CB-1	4	2016600
3000313	COURSE-312	CB-3	1	2019881
3000314	COURSE-313	CB-3	3	2048729
3000315	COURSE-314	CB-1	2	2019344
3000316	COURSE-315	CB-3	3	2033451
3000317	COURSE-316	CB-1	2	2004300
3000318	COURSE-317	CB-2	3	2026622
3000319	COURSE-318	CB-2	2	2049379
3000320	COURSE-319	CB-1	2	2032536
3000321	COURSE-320	CB-2	2	2006564
3000322	COURSE-321	CB-1	3	2038494
3000323	COURSE-322	CB-1	1	2002800
3000324	COURSE-323	CB-3	2	2046662
3000325	COURSE-324	CB-3	2	2047734
3000326	COURSE-325	CB-3	2	2031682
3000327	COURSE-326	CB-1	4	2001673
3000328	COURSE-327	CB-2	2	2041831
3000329	COURSE-328	CB-3	3	2020494
3000330	COURSE-329	CB-1	2	2014415
3000331	COURSE-330	CB-2	2	2030685
3000332	COURSE-331	CB-3	3	2044588
3000333	COURSE-332	CB-2	4	2022540
3000334	COURSE-333	CB-3	3	2023382
3000335	COURSE-334	CB-3	4	2044969
3000336	COURSE-335	CB-1	1	2029391
3000337	COURSE-336	CB-1	2	2046085
3000338	COURSE-337	CB-3	4	2011333
3000339	COURSE-338	CB-3	2	2042295
3000340	COURSE-339	CB-2	1	2035249
3000341	COURSE-340	CB-1	2	2025495
3000342	COURSE-341	CB-2	2	2002041
3000343	COURSE-342	CB-2	3	2025121
3000344	COURSE-343	CB-2	3	2026272
3000345	COURSE-344	CB-2	1	2030044
3000346	COURSE-345	CB-2	2	2007287
3000347	COURSE-346	CB-2	3	2015875
3000348	COURSE-347	CB-3	1	2025987
3000349	COURSE-348	CB-2	3	2012239
3000350	COURSE-349	CB-1	3	2013134
3000351	COURSE-350	CB-1	1	2023663
3000352	COURSE-351	CB-3	2	2004780
3000353	COURSE-352	CB-2	3	2004797
3000354	COURSE-353	CB-3	2	2022384
3000355	COURSE-354	CB-1	3	2010178
3000356	COURSE-355	CB-2	2	2021456
3000357	COURSE-356	CB-2	1	2001597
3000358	COURSE-357	CB-2	2	2036383
3000359	COURSE-358	CB-2	2	2035338
3000360	COURSE-359	CB-1	2	2037434
3000361	COURSE-360	CB-2	1	2001270
3000362	COURSE-361	CB-1	3	2005829
3000363	COURSE-362	CB-1	3	2013372
3000364	COURSE-363	CB-2	3	2038450
3000365	COURSE-364	CB-2	2	2044276
3000366	COURSE-365	CB-1	2	2046227
3000367	COURSE-366	CB-2	2	2031005
3000368	COURSE-367	CB-1	2	2025200
3000369	COURSE-368	CB-1	2	2035372
3000370	COURSE-369	CB-1	2	2006103
3000371	COURSE-370	CB-2	2	2040424
3000372	COURSE-371	CB-3	2	2003183
3000373	COURSE-372	CB-2	2	2026665
3000374	COURSE-373	CB-3	2	2019111
3000375	COURSE-374	CB-1	3	2027156
3000376	COURSE-375	CB-2	3	2003462
3000377	COURSE-376	CB-1	1	2035468
3000378	COURSE-377	CB-2	2	2021175
3000379	COURSE-378	CB-1	1	2004660
3000380	COURSE-379	CB-3	3	2049266
3000381	COURSE-380	CB-3	3	2041883
3000382	COURSE-381	CB-3	1	2029665
3000383	COURSE-382	CB-3	2	2016543
3000384	COURSE-383	CB-3	2	2004486
3000385	COURSE-384	CB-3	3	2020330
3000386	COURSE-385	CB-1	1	2032395
3000387	COURSE-386	CB-1	3	2014664
3000388	COURSE-387	CB-1	2	2029671
3000389	COURSE-388	CB-1	1	2002687
3000390	COURSE-389	CB-3	2	2031309
3000391	COURSE-390	CB-1	2	2037344
3000392	COURSE-391	CB-1	2	2042471
3000393	COURSE-392	CB-1	3	2003379
3000394	COURSE-393	CB-1	4	2048270
3000395	COURSE-394	CB-3	1	2026247
3000396	COURSE-395	CB-1	3	2014784
3000397	COURSE-396	CB-3	3	2046432
3000398	COURSE-397	CB-3	2	2021807
3000399	COURSE-398	CB-2	3	2034277
3000400	COURSE-399	CB-2	2	2011442
3000401	COURSE-400	CB-2	3	2028179
3000402	COURSE-401	CB-2	2	2049507
3000403	COURSE-402	CB-2	1	2013818
3000404	COURSE-403	CB-2	3	2039973
3000405	COURSE-404	CB-3	3	2016999
3000406	COURSE-405	CB-2	3	2037030
3000407	COURSE-406	CB-3	3	2020229
3000408	COURSE-407	CB-1	3	2006715
3000409	COURSE-408	CB-3	2	2033788
3000410	COURSE-409	CB-1	3	2005348
3000411	COURSE-410	CB-1	4	2005737
3000412	COURSE-411	CB-1	1	2049629
3000413	COURSE-412	CB-1	2	2040208
3000414	COURSE-413	CB-1	2	2010151
3000415	COURSE-414	CB-1	1	2025621
3000416	COURSE-415	CB-2	3	2045417
3000417	COURSE-416	CB-1	1	2015190
3000418	COURSE-417	CB-2	1	2036261
3000419	COURSE-418	CB-2	3	2024333
3000420	COURSE-419	CB-1	4	2001558
3000421	COURSE-420	CB-2	2	2009961
3000422	COURSE-421	CB-3	3	2038347
3000423	COURSE-422	CB-3	3	2034227
3000424	COURSE-423	CB-2	4	2039910
3000425	COURSE-424	CB-3	3	2000838
3000426	COURSE-425	CB-1	1	2039515
3000427	COURSE-426	CB-2	3	2010126
3000428	COURSE-427	CB-3	4	2008154
3000429	COURSE-428	CB-3	1	2026947
3000430	COURSE-429	CB-2	1	2046136
3000431	COURSE-430	CB-2	2	2026261
3000432	COURSE-431	CB-3	1	2029716
3000433	COURSE-432	CB-1	3	2042813
3000434	COURSE-433	CB-2	3	2037067
3000435	COURSE-434	CB-1	3	2043615
3000436	COURSE-435	CB-2	1	2009371
3000437	COURSE-436	CB-1	1	2043227
3000438	COURSE-437	CB-3	2	2014264
3000439	COURSE-438	CB-2	2	2042265
3000440	COURSE-439	CB-1	3	2014334
3000441	COURSE-440	CB-2	3	2032671
3000442	COURSE-441	CB-3	3	2018442
3000443	COURSE-442	CB-2	2	2007162
3000444	COURSE-443	CB-1	3	2037784
3000445	COURSE-444	CB-1	2	2008637
3000446	COURSE-445	CB-2	3	2013084
3000447	COURSE-446	CB-1	2	2039759
3000448	COURSE-447	CB-3	1	2005858
3000449	COURSE-448	CB-1	1	2040576
3000450	COURSE-449	CB-2	3	2017208
3000451	COURSE-450	CB-1	1	2034811
3000452	COURSE-451	CB-2	3	2019450
3000453	COURSE-452	CB-1	1	2040383
3000454	COURSE-453	CB-2	3	2010837
3000455	COURSE-454	CB-1	2	2020833
3000456	COURSE-455	CB-2	1	2016150
3000457	COURSE-456	CB-2	1	2041933
3000458	COURSE-457	CB-3	3	2037090
3000459	COURSE-458	CB-2	3	2010962
3000460	COURSE-459	CB-1	3	2030818
3000461	COURSE-460	CB-1	3	2036851
3000462	COURSE-461	CB-2	1	2026405
3000463	COURSE-462	CB-2	2	2009911
3000464	COURSE-463	CB-2	2	2044099
3000465	COURSE-464	CB-2	2	2010076
3000466	COURSE-465	CB-2	2	2045767
3000467	COURSE-466	CB-2	4	2032432
3000468	COURSE-467	CB-3	3	2010057
3000469	COURSE-468	CB-3	1	2047777
3000470	COURSE-469	CB-2	2	2031269
3000471	COURSE-470	CB-1	4	2041125
3000472	COURSE-471	CB-1	3	2001765
3000473	COURSE-472	CB-3	1	2009969
3000474	COURSE-473	CB-1	3	2008606
3000475	COURSE-474	CB-2	2	2047780
3000476	COURSE-475	CB-1	3	2044010
3000477	COURSE-476	CB-1	3	2033304
3000478	COURSE-477	CB-3	2	2000033
3000479	COURSE-478	CB-1	4	2019026
3000480	COURSE-479	CB-2	1	2040103
3000481	COURSE-480	CB-1	3	2029877
3000482	COURSE-481	CB-2	3	2029848
3000483	COURSE-482	CB-2	4	2006679
3000484	COURSE-483	CB-2	2	2046912
3000485	COURSE-484	CB-2	2	2025925
3000486	COURSE-485	CB-1	1	2014504
3000487	COURSE-486	CB-2	3	2010476
3000488	COURSE-487	CB-3	1	2018991
3000489	COURSE-488	CB-3	2	2007027
3000490	COURSE-489	CB-2	1	2006821
3000491	COURSE-490	CB-1	1	2026750
3000492	COURSE-491	CB-1	3	2027323
3000493	COURSE-492	CB-3	3	2016611
3000494	COURSE-493	CB-2	3	2034358
3000495	COURSE-494	CB-1	4	2008345
3000496	COURSE-495	CB-2	1	2043879
3000497	COURSE-496	CB-3	4	2006495
3000498	COURSE-497	CB-2	3	2018903
3000499	COURSE-498	CB-2	1	2024321
3000500	COURSE-499	CB-2	1	2015092
3000501	COURSE-500	CB-1	2	2015169
3000502	COURSE-501	CB-3	3	2027096
3000503	COURSE-502	CB-3	2	2033778
3000504	COURSE-503	CB-3	3	2047006
3000505	COURSE-504	CB-3	2	2044476
3000506	COURSE-505	CB-3	2	2048034
3000507	COURSE-506	CB-3	2	2028839
3000508	COURSE-507	CB-1	3	2027301
3000509	COURSE-508	CB-3	1	2020129
3000510	COURSE-509	CB-3	2	2044747
3000511	COURSE-510	CB-1	1	2030640
3000512	COURSE-511	CB-2	2	2024446
3000513	COURSE-512	CB-2	2	2018469
3000514	COURSE-513	CB-1	2	2025053
3000515	COURSE-514	CB-1	2	2049064
3000516	COURSE-515	CB-2	2	2036137
3000517	COURSE-516	CB-1	3	2034668
3000518	COURSE-517	CB-1	2	2002399
3000519	COURSE-518	CB-2	2	2002642
3000520	COURSE-519	CB-2	1	2000684
3000521	COURSE-520	CB-1	2	2048605
3000522	COURSE-521	CB-2	2	2042569
3000523	COURSE-522	CB-3	3	2019392
3000524	COURSE-523	CB-2	3	2042585
3000525	COURSE-524	CB-3	1	2048397
3000526	COURSE-525	CB-1	3	2042852
3000527	COURSE-526	CB-3	1	2038156
3000528	COURSE-527	CB-3	1	2000170
3000529	COURSE-528	CB-1	4	2002314
3000530	COURSE-529	CB-3	3	2035607
3000531	COURSE-530	CB-2	2	2019311
3000532	COURSE-531	CB-1	3	2030226
3000533	COURSE-532	CB-1	2	2002465
3000534	COURSE-533	CB-2	1	2030986
3000535	COURSE-534	CB-1	3	2005060
3000536	COURSE-535	CB-1	3	2012832
3000537	COURSE-536	CB-2	3	2049590
3000538	COURSE-537	CB-1	3	2035002
3000539	COURSE-538	CB-2	1	2040035
3000540	COURSE-539	CB-3	3	2004844
3000541	COURSE-540	CB-1	2	2006179
3000542	COURSE-541	CB-2	2	2029577
3000543	COURSE-542	CB-1	1	2046074
3000544	COURSE-543	CB-3	3	2040659
3000545	COURSE-544	CB-1	1	2038736
3000546	COURSE-545	CB-2	3	2014021
3000547	COURSE-546	CB-2	3	2008873
3000548	COURSE-547	CB-3	1	2025313
3000549	COURSE-548	CB-1	2	2042775
3000550	COURSE-549	CB-3	2	2042884
3000551	COURSE-550	CB-1	3	2030294
3000552	COURSE-551	CB-1	2	2002596
3000553	COURSE-552	CB-3	4	2043430
3000554	COURSE-553	CB-1	1	2048919
3000555	COURSE-554	CB-3	3	2028386
3000556	COURSE-555	CB-2	1	2048381
3000557	COURSE-556	CB-1	3	2004851
3000558	COURSE-557	CB-2	1	2000569
3000559	COURSE-558	CB-2	3	2027456
3000560	COURSE-559	CB-2	2	2041509
3000561	COURSE-560	CB-2	3	2016604
3000562	COURSE-561	CB-3	3	2005102
3000563	COURSE-562	CB-2	3	2021522
3000564	COURSE-563	CB-1	3	2021038
3000565	COURSE-564	CB-2	1	2021696
3000566	COURSE-565	CB-1	2	2028323
3000567	COURSE-566	CB-3	3	2048309
3000568	COURSE-567	CB-1	2	2017848
3000569	COURSE-568	CB-2	1	2039472
3000570	COURSE-569	CB-1	1	2047476
3000571	COURSE-570	CB-3	3	2024829
3000572	COURSE-571	CB-3	4	2021712
3000573	COURSE-572	CB-2	3	2004247
3000574	COURSE-573	CB-1	3	2016791
3000575	COURSE-574	CB-1	3	2021722
3000576	COURSE-575	CB-1	1	2037588
3000577	COURSE-576	CB-3	3	2018757
3000578	COURSE-577	CB-2	2	2014198
3000579	COURSE-578	CB-3	3	2020392
3000580	COURSE-579	CB-1	3	2008393
3000581	COURSE-580	CB-2	3	2006671
3000582	COURSE-581	CB-3	1	2045915
3000583	COURSE-582	CB-1	4	2041600
3000584	COURSE-583	CB-2	3	2023228
3000585	COURSE-584	CB-3	4	2036872
3000586	COURSE-585	CB-3	2	2033977
3000587	COURSE-586	CB-1	4	2021846
3000588	COURSE-587	CB-3	2	2002495
3000589	COURSE-588	CB-1	2	2043790
3000590	COURSE-589	CB-1	3	2005767
3000591	COURSE-590	CB-1	1	2004031
3000592	COURSE-591	CB-1	3	2011505
3000593	COURSE-592	CB-1	2	2032580
3000594	COURSE-593	CB-1	1	2025725
3000595	COURSE-594	CB-2	3	2042029
3000596	COURSE-595	CB-3	3	2008595
3000597	COURSE-596	CB-3	3	2044369
3000598	COURSE-597	CB-2	2	2018644
3000599	COURSE-598	CB-1	1	2036749
3000600	COURSE-599	CB-3	2	2040340
3000601	COURSE-600	CB-3	3	2032165
3000602	COURSE-601	CB-2	2	2029196
3000603	COURSE-602	CB-2	2	2007940
3000604	COURSE-603	CB-1	1	2005869
3000605	COURSE-604	CB-2	3	2010811
3000606	COURSE-605	CB-2	2	2021761
3000607	COURSE-606	CB-2	3	2040440
3000608	COURSE-607	CB-2	3	2008984
3000609	COURSE-608	CB-2	2	2044919
3000610	COURSE-609	CB-3	1	2032765
3000611	COURSE-610	CB-1	2	2001516
3000612	COURSE-611	CB-1	3	2004241
3000613	COURSE-612	CB-3	3	2027266
3000614	COURSE-613	CB-3	3	2028424
3000615	COURSE-614	CB-3	2	2010803
3000616	COURSE-615	CB-1	4	2033763
3000617	COURSE-616	CB-2	2	2042898
3000618	COURSE-617	CB-3	1	2022134
3000619	COURSE-618	CB-2	1	2013137
3000620	COURSE-619	CB-2	3	2049792
3000621	COURSE-620	CB-2	1	2026888
3000622	COURSE-621	CB-3	1	2012318
3000623	COURSE-622	CB-1	3	2027464
3000624	COURSE-623	CB-1	1	2018896
3000625	COURSE-624	CB-3	4	2048651
3000626	COURSE-625	CB-2	2	2043916
3000627	COURSE-626	CB-3	2	2018192
3000628	COURSE-627	CB-1	2	2027616
3000629	COURSE-628	CB-3	3	2008781
3000630	COURSE-629	CB-3	1	2014026
3000631	COURSE-630	CB-2	2	2045093
3000632	COURSE-631	CB-2	2	2044037
3000633	COURSE-632	CB-2	2	2024924
3000634	COURSE-633	CB-2	2	2006199
3000635	COURSE-634	CB-1	1	2007110
3000636	COURSE-635	CB-1	1	2038495
3000637	COURSE-636	CB-2	3	2035586
3000638	COURSE-637	CB-3	3	2031635
3000639	COURSE-638	CB-3	4	2024490
3000640	COURSE-639	CB-1	2	2007825
3000641	COURSE-640	CB-1	4	2035552
3000642	COURSE-641	CB-3	3	2031255
3000643	COURSE-642	CB-1	2	2017641
3000644	COURSE-643	CB-2	2	2033517
3000645	COURSE-644	CB-2	3	2041268
3000646	COURSE-645	CB-2	4	2002882
3000647	COURSE-646	CB-1	1	2024791
3000648	COURSE-647	CB-2	1	2015720
3000649	COURSE-648	CB-2	1	2037682
3000650	COURSE-649	CB-2	3	2009271
3000651	COURSE-650	CB-3	4	2043474
3000652	COURSE-651	CB-3	2	2044341
3000653	COURSE-652	CB-3	3	2024937
3000654	COURSE-653	CB-1	3	2010034
3000655	COURSE-654	CB-3	3	2043936
3000656	COURSE-655	CB-2	4	2037374
3000657	COURSE-656	CB-2	2	2019263
3000658	COURSE-657	CB-1	4	2043323
3000659	COURSE-658	CB-1	3	2041118
3000660	COURSE-659	CB-1	3	2019669
3000661	COURSE-660	CB-3	1	2014064
3000662	COURSE-661	CB-1	1	2046243
3000663	COURSE-662	CB-1	1	2001246
3000664	COURSE-663	CB-1	3	2005555
3000665	COURSE-664	CB-2	1	2040067
3000666	COURSE-665	CB-3	1	2035533
3000667	COURSE-666	CB-1	3	2004438
3000668	COURSE-667	CB-2	3	2036976
3000669	COURSE-668	CB-3	3	2040798
3000670	COURSE-669	CB-2	3	2017874
3000671	COURSE-670	CB-1	2	2038247
3000672	COURSE-671	CB-1	3	2028467
3000673	COURSE-672	CB-2	3	2035516
3000674	COURSE-673	CB-1	3	2048514
3000675	COURSE-674	CB-3	2	2022062
3000676	COURSE-675	CB-2	2	2015542
3000677	COURSE-676	CB-3	3	2013522
3000678	COURSE-677	CB-2	2	2016433
3000679	COURSE-678	CB-1	2	2029201
3000680	COURSE-679	CB-2	3	2048471
3000681	COURSE-680	CB-3	3	2000719
3000682	COURSE-681	CB-2	3	2040169
3000683	COURSE-682	CB-3	3	2036860
3000684	COURSE-683	CB-2	4	2006964
3000685	COURSE-684	CB-1	2	2021143
3000686	COURSE-685	CB-2	2	2008396
3000687	COURSE-686	CB-2	3	2044445
3000688	COURSE-687	CB-3	4	2042617
3000689	COURSE-688	CB-1	1	2015945
3000690	COURSE-689	CB-2	3	2049255
3000691	COURSE-690	CB-2	3	2040059
3000692	COURSE-691	CB-2	3	2045307
3000693	COURSE-692	CB-2	1	2004098
3000694	COURSE-693	CB-1	3	2036317
3000695	COURSE-694	CB-3	3	2046156
3000696	COURSE-695	CB-1	3	2001124
3000697	COURSE-696	CB-3	1	2035810
3000698	COURSE-697	CB-2	1	2007126
3000699	COURSE-698	CB-2	2	2011752
3000700	COURSE-699	CB-1	3	2002587
3000701	COURSE-700	CB-3	1	2012364
3000702	COURSE-701	CB-1	2	2014220
3000703	COURSE-702	CB-1	3	2033787
3000704	COURSE-703	CB-1	3	2032289
3000705	COURSE-704	CB-3	4	2001196
3000706	COURSE-705	CB-3	2	2034157
3000707	COURSE-706	CB-2	1	2042673
3000708	COURSE-707	CB-3	3	2005205
3000709	COURSE-708	CB-3	2	2019427
3000710	COURSE-709	CB-1	3	2028358
3000711	COURSE-710	CB-1	1	2011505
3000712	COURSE-711	CB-3	2	2039025
3000713	COURSE-712	CB-1	2	2031646
3000714	COURSE-713	CB-1	2	2040489
3000715	COURSE-714	CB-3	1	2003644
3000716	COURSE-715	CB-3	2	2001790
3000717	COURSE-716	CB-3	1	2045912
3000718	COURSE-717	CB-3	3	2045492
3000719	COURSE-718	CB-3	2	2006079
3000720	COURSE-719	CB-1	2	2043355
3000721	COURSE-720	CB-1	3	2031663
3000722	COURSE-721	CB-2	1	2012517
3000723	COURSE-722	CB-1	1	2036844
3000724	COURSE-723	CB-2	4	2043056
3000725	COURSE-724	CB-3	2	2047221
3000726	COURSE-725	CB-1	3	2004918
3000727	COURSE-726	CB-3	2	2030632
3000728	COURSE-727	CB-3	2	2031140
3000729	COURSE-728	CB-3	1	2021139
3000730	COURSE-729	CB-3	2	2040905
3000731	COURSE-730	CB-1	2	2041300
3000732	COURSE-731	CB-1	4	2004847
3000733	COURSE-732	CB-1	2	2012816
3000734	COURSE-733	CB-1	2	2023834
3000735	COURSE-734	CB-1	2	2006404
3000736	COURSE-735	CB-2	3	2012233
3000737	COURSE-736	CB-3	1	2033753
3000738	COURSE-737	CB-2	3	2033204
3000739	COURSE-738	CB-1	2	2009761
3000740	COURSE-739	CB-1	1	2002737
3000741	COURSE-740	CB-3	1	2034161
3000742	COURSE-741	CB-1	3	2015137
3000743	COURSE-742	CB-2	2	2028533
3000744	COURSE-743	CB-2	3	2026638
3000745	COURSE-744	CB-1	1	2022866
3000746	COURSE-745	CB-3	3	2027797
3000747	COURSE-746	CB-3	2	2048756
3000748	COURSE-747	CB-1	2	2013201
3000749	COURSE-748	CB-3	3	2013872
3000750	COURSE-749	CB-2	3	2043668
3000751	COURSE-750	CB-3	2	2022349
3000752	COURSE-751	CB-3	4	2002452
3000753	COURSE-752	CB-2	4	2039186
3000754	COURSE-753	CB-2	3	2022235
3000755	COURSE-754	CB-1	3	2013683
3000756	COURSE-755	CB-1	3	2045076
3000757	COURSE-756	CB-1	1	2000472
3000758	COURSE-757	CB-1	1	2048723
3000759	COURSE-758	CB-1	3	2031402
3000760	COURSE-759	CB-2	2	2004678
3000761	COURSE-760	CB-3	3	2030700
3000762	COURSE-761	CB-2	3	2004187
3000763	COURSE-762	CB-3	3	2016783
3000764	COURSE-763	CB-3	3	2015817
3000765	COURSE-764	CB-3	2	2041852
3000766	COURSE-765	CB-3	3	2045200
3000767	COURSE-766	CB-1	2	2009392
3000768	COURSE-767	CB-1	1	2045336
3000769	COURSE-768	CB-2	4	2014046
3000770	COURSE-769	CB-2	1	2001702
3000771	COURSE-770	CB-2	2	2002117
3000772	COURSE-771	CB-2	2	2046321
3000773	COURSE-772	CB-3	2	2028241
3000774	COURSE-773	CB-3	2	2009083
3000775	COURSE-774	CB-1	3	2013072
3000776	COURSE-775	CB-2	3	2000734
3000777	COURSE-776	CB-3	3	2049620
3000778	COURSE-777	CB-3	3	2015324
3000779	COURSE-778	CB-1	3	2033839
3000780	COURSE-779	CB-3	3	2027208
3000781	COURSE-780	CB-1	1	2014827
3000782	COURSE-781	CB-2	1	2042784
3000783	COURSE-782	CB-2	3	2049155
3000784	COURSE-783	CB-3	1	2044137
3000785	COURSE-784	CB-1	2	2013462
3000786	COURSE-785	CB-1	4	2044913
3000787	COURSE-786	CB-1	4	2002169
3000788	COURSE-787	CB-1	1	2007594
3000789	COURSE-788	CB-3	3	2006029
3000790	COURSE-789	CB-1	3	2044584
3000791	COURSE-790	CB-1	3	2011713
3000792	COURSE-791	CB-1	2	2041758
3000793	COURSE-792	CB-1	4	2036382
3000794	COURSE-793	CB-2	1	2040015
3000795	COURSE-794	CB-1	3	2032209
3000796	COURSE-795	CB-2	2	2041343
3000797	COURSE-796	CB-1	1	2047627
3000798	COURSE-797	CB-3	4	2030276
3000799	COURSE-798	CB-2	3	2000592
3000800	COURSE-799	CB-2	2	2004984
3000801	COURSE-800	CB-3	2	2016640
3000802	COURSE-801	CB-3	3	2004444
3000803	COURSE-802	CB-2	2	2020773
3000804	COURSE-803	CB-3	2	2041212
3000805	COURSE-804	CB-3	3	2017645
3000806	COURSE-805	CB-1	1	2032306
3000807	COURSE-806	CB-2	2	2017601
3000808	COURSE-807	CB-1	4	2007727
3000809	COURSE-808	CB-2	3	2046613
3000810	COURSE-809	CB-1	2	2003301
3000811	COURSE-810	CB-3	2	2014422
3000812	COURSE-811	CB-3	3	2024591
3000813	COURSE-812	CB-2	1	2043405
3000814	COURSE-813	CB-1	3	2019179
3000815	COURSE-814	CB-2	4	2007035
3000816	COURSE-815	CB-2	4	2045876
3000817	COURSE-816	CB-3	2	2014068
3000818	COURSE-817	CB-1	4	2023281
3000819	COURSE-818	CB-2	2	2029055
3000820	COURSE-819	CB-3	1	2003059
3000821	COURSE-820	CB-2	2	2028538
3000822	COURSE-821	CB-2	3	2012011
3000823	COURSE-822	CB-1	1	2026802
3000824	COURSE-823	CB-3	2	2040877
3000825	COURSE-824	CB-2	2	2029550
3000826	COURSE-825	CB-1	3	2025738
3000827	COURSE-826	CB-3	3	2011386
3000828	COURSE-827	CB-3	1	2022223
3000829	COURSE-828	CB-2	2	2023429
3000830	COURSE-829	CB-1	1	2003968
3000831	COURSE-830	CB-3	1	2027074
3000832	COURSE-831	CB-3	3	2045304
3000833	COURSE-832	CB-1	2	2042199
3000834	COURSE-833	CB-3	3	2046625
3000835	COURSE-834	CB-1	2	2044582
3000836	COURSE-835	CB-3	2	2006955
3000837	COURSE-836	CB-3	1	2042707
3000838	COURSE-837	CB-3	2	2003705
3000839	COURSE-838	CB-3	1	2040335
3000840	COURSE-839	CB-3	1	2016291
3000841	COURSE-840	CB-1	2	2032713
3000842	COURSE-841	CB-2	2	2018223
3000843	COURSE-842	CB-3	2	2024458
3000844	COURSE-843	CB-3	1	2001940
3000845	COURSE-844	CB-2	2	2011320
3000846	COURSE-845	CB-2	1	2043925
3000847	COURSE-846	CB-2	1	2023360
3000848	COURSE-847	CB-1	2	2029651
3000849	COURSE-848	CB-2	1	2030859
3000850	COURSE-849	CB-1	2	2024081
3000851	COURSE-850	CB-3	2	2036259
3000852	COURSE-851	CB-2	2	2002248
3000853	COURSE-852	CB-1	1	2021133
3000854	COURSE-853	CB-1	3	2019110
3000855	COURSE-854	CB-1	3	2015078
3000856	COURSE-855	CB-1	1	2034361
3000857	COURSE-856	CB-3	2	2033677
3000858	COURSE-857	CB-1	1	2003141
3000859	COURSE-858	CB-1	1	2043489
3000860	COURSE-859	CB-2	3	2011101
3000861	COURSE-860	CB-3	3	2027046
3000862	COURSE-861	CB-2	2	2011514
3000863	COURSE-862	CB-2	1	2004582
3000864	COURSE-863	CB-1	1	2042558
3000865	COURSE-864	CB-2	2	2036609
3000866	COURSE-865	CB-1	1	2017555
3000867	COURSE-866	CB-3	3	2010148
3000868	COURSE-867	CB-2	3	2012823
3000869	COURSE-868	CB-1	4	2017160
3000870	COURSE-869	CB-1	2	2017305
3000871	COURSE-870	CB-2	2	2001187
3000872	COURSE-871	CB-1	3	2001190
3000873	COURSE-872	CB-1	2	2009682
3000874	COURSE-873	CB-1	3	2041840
3000875	COURSE-874	CB-2	3	2025801
3000876	COURSE-875	CB-3	2	2027831
3000877	COURSE-876	CB-2	2	2009662
3000878	COURSE-877	CB-2	4	2000609
3000879	COURSE-878	CB-3	2	2023732
3000880	COURSE-879	CB-3	2	2036223
3000881	COURSE-880	CB-1	1	2013470
3000882	COURSE-881	CB-3	2	2019272
3000883	COURSE-882	CB-1	1	2028072
3000884	COURSE-883	CB-1	1	2042080
3000885	COURSE-884	CB-3	3	2014073
3000886	COURSE-885	CB-3	2	2037542
3000887	COURSE-886	CB-3	2	2032135
3000888	COURSE-887	CB-2	4	2015206
3000889	COURSE-888	CB-1	1	2037535
3000890	COURSE-889	CB-1	1	2008254
3000891	COURSE-890	CB-3	2	2024037
3000892	COURSE-891	CB-3	1	2046179
3000893	COURSE-892	CB-3	3	2041593
3000894	COURSE-893	CB-1	2	2009816
3000895	COURSE-894	CB-2	2	2035290
3000896	COURSE-895	CB-1	2	2012807
3000897	COURSE-896	CB-3	2	2019495
3000898	COURSE-897	CB-2	3	2024912
3000899	COURSE-898	CB-1	4	2003871
3000900	COURSE-899	CB-1	4	2001053
3000901	COURSE-900	CB-2	2	2016443
3000902	COURSE-901	CB-2	3	2014403
3000903	COURSE-902	CB-3	1	2028002
3000904	COURSE-903	CB-1	3	2005417
3000905	COURSE-904	CB-1	2	2021374
3000906	COURSE-905	CB-1	2	2033342
3000907	COURSE-906	CB-2	2	2027206
3000908	COURSE-907	CB-2	2	2033205
3000909	COURSE-908	CB-1	2	2045035
3000910	COURSE-909	CB-1	2	2000035
3000911	COURSE-910	CB-2	2	2025694
3000912	COURSE-911	CB-1	1	2029373
3000913	COURSE-912	CB-2	3	2031320
3000914	COURSE-913	CB-1	3	2036432
3000915	COURSE-914	CB-3	3	2031067
3000916	COURSE-915	CB-3	3	2007113
3000917	COURSE-916	CB-1	2	2001107
3000918	COURSE-917	CB-3	2	2026023
3000919	COURSE-918	CB-1	3	2031418
3000920	COURSE-919	CB-1	2	2000462
3000921	COURSE-920	CB-1	3	2042796
3000922	COURSE-921	CB-1	3	2042676
3000923	COURSE-922	CB-3	3	2039561
3000924	COURSE-923	CB-2	3	2029598
3000925	COURSE-924	CB-2	3	2036674
3000926	COURSE-925	CB-1	3	2043203
3000927	COURSE-926	CB-2	2	2012258
3000928	COURSE-927	CB-2	2	2039139
3000929	COURSE-928	CB-1	3	2012290
3000930	COURSE-929	CB-2	1	2009599
3000931	COURSE-930	CB-3	2	2000923
3000932	COURSE-931	CB-2	3	2023619
3000933	COURSE-932	CB-2	3	2022522
3000934	COURSE-933	CB-1	3	2024002
3000935	COURSE-934	CB-3	3	2015881
3000936	COURSE-935	CB-3	3	2001209
3000937	COURSE-936	CB-1	4	2045146
3000938	COURSE-937	CB-3	4	2024698
3000939	COURSE-938	CB-1	2	2045548
3000940	COURSE-939	CB-2	3	2041294
3000941	COURSE-940	CB-1	2	2038960
3000942	COURSE-941	CB-1	4	2027426
3000943	COURSE-942	CB-2	4	2023256
3000944	COURSE-943	CB-2	3	2028681
3000945	COURSE-944	CB-3	1	2022274
3000946	COURSE-945	CB-2	1	2046232
3000947	COURSE-946	CB-1	2	2028435
3000948	COURSE-947	CB-1	2	2025795
3000949	COURSE-948	CB-2	2	2027925
3000950	COURSE-949	CB-3	3	2030860
3000951	COURSE-950	CB-3	3	2031322
3000952	COURSE-951	CB-2	3	2034211
3000953	COURSE-952	CB-1	2	2016688
3000954	COURSE-953	CB-3	3	2013896
3000955	COURSE-954	CB-2	1	2034523
3000956	COURSE-955	CB-1	3	2008911
3000957	COURSE-956	CB-1	3	2024957
3000958	COURSE-957	CB-1	3	2014749
3000959	COURSE-958	CB-3	1	2042941
3000960	COURSE-959	CB-2	3	2017586
3000961	COURSE-960	CB-3	3	2016817
3000962	COURSE-961	CB-2	2	2010842
3000963	COURSE-962	CB-1	3	2007904
3000964	COURSE-963	CB-2	2	2006603
3000965	COURSE-964	CB-1	3	2019174
3000966	COURSE-965	CB-1	2	2046128
3000967	COURSE-966	CB-3	2	2006281
3000968	COURSE-967	CB-1	2	2037166
3000969	COURSE-968	CB-1	3	2017104
3000970	COURSE-969	CB-2	1	2019075
3000971	COURSE-970	CB-3	3	2038529
3000972	COURSE-971	CB-1	3	2005205
3000973	COURSE-972	CB-2	2	2036210
3000974	COURSE-973	CB-3	3	2030624
3000975	COURSE-974	CB-2	1	2009616
3000976	COURSE-975	CB-3	1	2004499
3000977	COURSE-976	CB-1	1	2040253
3000978	COURSE-977	CB-1	2	2049097
3000979	COURSE-978	CB-2	4	2010470
3000980	COURSE-979	CB-3	3	2028613
3000981	COURSE-980	CB-2	2	2035866
3000982	COURSE-981	CB-1	3	2025244
3000983	COURSE-982	CB-3	1	2008579
3000984	COURSE-983	CB-1	4	2021885
3000985	COURSE-984	CB-3	2	2044873
3000986	COURSE-985	CB-3	2	2004371
3000987	COURSE-986	CB-2	3	2004918
3000988	COURSE-987	CB-3	3	2039249
3000989	COURSE-988	CB-2	1	2015716
3000990	COURSE-989	CB-3	4	2027253
3000991	COURSE-990	CB-2	2	2032711
3000992	COURSE-991	CB-2	3	2011865
3000993	COURSE-992	CB-1	1	2004021
3000994	COURSE-993	CB-3	2	2014942
3000995	COURSE-994	CB-3	4	2035770
3000996	COURSE-995	CB-3	4	2020721
3000997	COURSE-996	CB-2	3	2026702
3000998	COURSE-997	CB-1	3	2026863
3000999	COURSE-998	CB-2	2	2004561
3001000	COURSE-999	CB-2	1	2010003
3001001	COURSE-1000	CB-2	4	2011982
3001002	COURSE-1001	CB-3	1	2009379
3001003	COURSE-1002	CB-3	1	2018379
3001004	COURSE-1003	CB-1	2	2048189
3001005	COURSE-1004	CB-3	1	2032130
3001006	COURSE-1005	CB-2	3	2032364
3001007	COURSE-1006	CB-1	2	2048371
3001008	COURSE-1007	CB-3	4	2006870
3001009	COURSE-1008	CB-1	2	2046514
3001010	COURSE-1009	CB-1	3	2008258
3001011	COURSE-1010	CB-1	4	2025424
3001012	COURSE-1011	CB-2	1	2040152
3001013	COURSE-1012	CB-2	2	2006468
3001014	COURSE-1013	CB-2	3	2049715
3001015	COURSE-1014	CB-1	4	2044588
3001016	COURSE-1015	CB-1	3	2023184
3001017	COURSE-1016	CB-1	3	2016539
3001018	COURSE-1017	CB-3	3	2006849
3001019	COURSE-1018	CB-2	3	2042682
3001020	COURSE-1019	CB-2	2	2020877
3001021	COURSE-1020	CB-1	2	2008820
3001022	COURSE-1021	CB-2	2	2003649
3001023	COURSE-1022	CB-2	2	2046528
3001024	COURSE-1023	CB-3	3	2005152
3001025	COURSE-1024	CB-1	2	2030505
3001026	COURSE-1025	CB-1	2	2033111
3001027	COURSE-1026	CB-2	2	2026610
3001028	COURSE-1027	CB-2	2	2036408
3001029	COURSE-1028	CB-3	1	2029835
3001030	COURSE-1029	CB-1	2	2002809
3001031	COURSE-1030	CB-2	2	2043649
3001032	COURSE-1031	CB-1	1	2013641
3001033	COURSE-1032	CB-3	3	2004517
3001034	COURSE-1033	CB-3	3	2007200
3001035	COURSE-1034	CB-2	3	2037018
3001036	COURSE-1035	CB-3	2	2042615
3001037	COURSE-1036	CB-1	2	2002606
3001038	COURSE-1037	CB-1	2	2015698
3001039	COURSE-1038	CB-3	2	2003264
3001040	COURSE-1039	CB-1	3	2035607
3001041	COURSE-1040	CB-2	4	2039903
3001042	COURSE-1041	CB-2	1	2005198
3001043	COURSE-1042	CB-2	1	2010299
3001044	COURSE-1043	CB-1	1	2022493
3001045	COURSE-1044	CB-2	2	2021004
3001046	COURSE-1045	CB-1	2	2037537
3001047	COURSE-1046	CB-3	1	2008603
3001048	COURSE-1047	CB-1	4	2003388
3001049	COURSE-1048	CB-1	3	2004837
3001050	COURSE-1049	CB-3	2	2038810
3001051	COURSE-1050	CB-2	3	2029592
3001052	COURSE-1051	CB-2	1	2023803
3001053	COURSE-1052	CB-3	2	2032065
3001054	COURSE-1053	CB-1	2	2035270
3001055	COURSE-1054	CB-2	2	2009660
3001056	COURSE-1055	CB-1	3	2015981
3001057	COURSE-1056	CB-3	1	2040362
3001058	COURSE-1057	CB-1	2	2011080
3001059	COURSE-1058	CB-1	1	2043138
3001060	COURSE-1059	CB-1	1	2049637
3001061	COURSE-1060	CB-3	2	2036174
3001062	COURSE-1061	CB-2	2	2006736
3001063	COURSE-1062	CB-1	3	2049565
3001064	COURSE-1063	CB-3	3	2008856
3001065	COURSE-1064	CB-3	2	2037753
3001066	COURSE-1065	CB-2	3	2028192
3001067	COURSE-1066	CB-1	2	2032828
3001068	COURSE-1067	CB-2	3	2034357
3001069	COURSE-1068	CB-2	4	2001226
3001070	COURSE-1069	CB-1	2	2025712
3001071	COURSE-1070	CB-1	2	2036673
3001072	COURSE-1071	CB-3	2	2005471
3001073	COURSE-1072	CB-3	1	2030013
3001074	COURSE-1073	CB-2	3	2025629
3001075	COURSE-1074	CB-2	4	2038742
3001076	COURSE-1075	CB-2	3	2029067
3001077	COURSE-1076	CB-2	3	2023642
3001078	COURSE-1077	CB-3	1	2009132
3001079	COURSE-1078	CB-2	1	2001998
3001080	COURSE-1079	CB-2	2	2012586
3001081	COURSE-1080	CB-2	2	2021692
3001082	COURSE-1081	CB-3	1	2025322
3001083	COURSE-1082	CB-1	2	2040444
3001084	COURSE-1083	CB-1	2	2037558
3001085	COURSE-1084	CB-3	2	2043461
3001086	COURSE-1085	CB-3	2	2025249
3001087	COURSE-1086	CB-2	2	2009546
3001088	COURSE-1087	CB-2	2	2049935
3001089	COURSE-1088	CB-3	2	2037515
3001090	COURSE-1089	CB-2	1	2022446
3001091	COURSE-1090	CB-2	2	2029078
3001092	COURSE-1091	CB-1	2	2009114
3001093	COURSE-1092	CB-2	3	2046750
3001094	COURSE-1093	CB-2	3	2040480
3001095	COURSE-1094	CB-1	1	2017809
3001096	COURSE-1095	CB-1	2	2040750
3001097	COURSE-1096	CB-1	3	2025214
3001098	COURSE-1097	CB-2	2	2023487
3001099	COURSE-1098	CB-1	2	2040637
3001100	COURSE-1099	CB-1	2	2030116
3001101	COURSE-1100	CB-2	1	2043711
3001102	COURSE-1101	CB-3	3	2001930
3001103	COURSE-1102	CB-2	3	2016783
3001104	COURSE-1103	CB-3	2	2037923
3001105	COURSE-1104	CB-1	2	2014717
3001106	COURSE-1105	CB-2	1	2030386
3001107	COURSE-1106	CB-3	3	2022192
3001108	COURSE-1107	CB-3	3	2013807
3001109	COURSE-1108	CB-2	3	2035366
3001110	COURSE-1109	CB-3	1	2031562
3001111	COURSE-1110	CB-2	1	2014253
3001112	COURSE-1111	CB-1	2	2033697
3001113	COURSE-1112	CB-3	3	2047635
3001114	COURSE-1113	CB-1	3	2024407
3001115	COURSE-1114	CB-1	3	2017782
3001116	COURSE-1115	CB-3	1	2021618
3001117	COURSE-1116	CB-3	2	2033582
3001118	COURSE-1117	CB-2	1	2029870
3001119	COURSE-1118	CB-3	2	2012038
3001120	COURSE-1119	CB-3	3	2041785
3001121	COURSE-1120	CB-3	3	2033613
3001122	COURSE-1121	CB-2	2	2027535
3001123	COURSE-1122	CB-2	1	2026205
3001124	COURSE-1123	CB-2	4	2033269
3001125	COURSE-1124	CB-3	3	2000123
3001126	COURSE-1125	CB-3	1	2026851
3001127	COURSE-1126	CB-2	2	2049322
3001128	COURSE-1127	CB-2	2	2019314
3001129	COURSE-1128	CB-1	2	2043604
3001130	COURSE-1129	CB-2	2	2006111
3001131	COURSE-1130	CB-3	3	2024762
3001132	COURSE-1131	CB-3	1	2047788
3001133	COURSE-1132	CB-3	3	2019091
3001134	COURSE-1133	CB-3	2	2014892
3001135	COURSE-1134	CB-2	2	2029417
3001136	COURSE-1135	CB-1	3	2018202
3001137	COURSE-1136	CB-2	1	2046872
3001138	COURSE-1137	CB-1	3	2006236
3001139	COURSE-1138	CB-3	2	2044818
3001140	COURSE-1139	CB-1	1	2031476
3001141	COURSE-1140	CB-2	3	2037392
3001142	COURSE-1141	CB-1	3	2036387
3001143	COURSE-1142	CB-2	2	2005736
3001144	COURSE-1143	CB-3	1	2019444
3001145	COURSE-1144	CB-1	2	2033034
3001146	COURSE-1145	CB-3	1	2042883
3001147	COURSE-1146	CB-1	2	2028460
3001148	COURSE-1147	CB-1	3	2007890
3001149	COURSE-1148	CB-2	4	2029126
3001150	COURSE-1149	CB-2	3	2023880
3001151	COURSE-1150	CB-3	2	2029729
3001152	COURSE-1151	CB-2	3	2048324
3001153	COURSE-1152	CB-3	3	2010792
3001154	COURSE-1153	CB-2	2	2025055
3001155	COURSE-1154	CB-3	1	2020739
3001156	COURSE-1155	CB-3	2	2031250
3001157	COURSE-1156	CB-1	3	2017944
3001158	COURSE-1157	CB-3	1	2035782
3001159	COURSE-1158	CB-3	2	2028513
3001160	COURSE-1159	CB-3	2	2044856
3001161	COURSE-1160	CB-3	3	2016213
3001162	COURSE-1161	CB-1	2	2048777
3001163	COURSE-1162	CB-3	1	2038315
3001164	COURSE-1163	CB-1	2	2045708
3001165	COURSE-1164	CB-2	3	2008548
3001166	COURSE-1165	CB-2	3	2030036
3001167	COURSE-1166	CB-2	2	2049328
3001168	COURSE-1167	CB-2	3	2025341
3001169	COURSE-1168	CB-1	1	2008053
3001170	COURSE-1169	CB-1	2	2048861
3001171	COURSE-1170	CB-2	2	2042788
3001172	COURSE-1171	CB-1	3	2013556
3001173	COURSE-1172	CB-1	4	2004756
3001174	COURSE-1173	CB-1	4	2047435
3001175	COURSE-1174	CB-2	2	2038195
3001176	COURSE-1175	CB-2	2	2043065
3001177	COURSE-1176	CB-1	2	2040025
3001178	COURSE-1177	CB-2	1	2030805
3001179	COURSE-1178	CB-3	3	2028339
3001180	COURSE-1179	CB-3	2	2005622
3001181	COURSE-1180	CB-2	3	2039104
3001182	COURSE-1181	CB-2	2	2031311
3001183	COURSE-1182	CB-3	2	2004768
3001184	COURSE-1183	CB-2	2	2027837
3001185	COURSE-1184	CB-1	3	2040105
3001186	COURSE-1185	CB-1	3	2024588
3001187	COURSE-1186	CB-3	4	2038952
3001188	COURSE-1187	CB-2	1	2001087
3001189	COURSE-1188	CB-1	3	2015216
3001190	COURSE-1189	CB-3	2	2038638
3001191	COURSE-1190	CB-1	3	2042405
3001192	COURSE-1191	CB-2	2	2036481
3001193	COURSE-1192	CB-3	1	2001337
3001194	COURSE-1193	CB-2	3	2024142
3001195	COURSE-1194	CB-3	1	2042886
3001196	COURSE-1195	CB-1	3	2008814
3001197	COURSE-1196	CB-1	1	2029792
3001198	COURSE-1197	CB-2	4	2033183
3001199	COURSE-1198	CB-3	2	2047097
3001200	COURSE-1199	CB-2	2	2018740
3001201	COURSE-1200	CB-1	2	2010229
3001202	COURSE-1201	CB-3	2	2046478
3001203	COURSE-1202	CB-3	2	2012213
3001204	COURSE-1203	CB-1	3	2048080
3001205	COURSE-1204	CB-1	1	2026701
3001206	COURSE-1205	CB-1	3	2033575
3001207	COURSE-1206	CB-3	3	2025576
3001208	COURSE-1207	CB-1	4	2011357
3001209	COURSE-1208	CB-2	1	2018027
3001210	COURSE-1209	CB-2	1	2046824
3001211	COURSE-1210	CB-2	2	2013462
3001212	COURSE-1211	CB-2	3	2005537
3001213	COURSE-1212	CB-3	3	2015693
3001214	COURSE-1213	CB-2	4	2002682
3001215	COURSE-1214	CB-3	1	2016959
3001216	COURSE-1215	CB-3	3	2006757
3001217	COURSE-1216	CB-3	1	2033320
3001218	COURSE-1217	CB-1	2	2004397
3001219	COURSE-1218	CB-1	1	2035621
3001220	COURSE-1219	CB-1	3	2007644
3001221	COURSE-1220	CB-1	2	2048650
3001222	COURSE-1221	CB-2	4	2009135
3001223	COURSE-1222	CB-3	3	2045330
3001224	COURSE-1223	CB-1	2	2006566
3001225	COURSE-1224	CB-1	3	2007535
3001226	COURSE-1225	CB-1	2	2001794
3001227	COURSE-1226	CB-1	4	2019601
3001228	COURSE-1227	CB-1	2	2027125
3001229	COURSE-1228	CB-3	3	2018550
3001230	COURSE-1229	CB-3	4	2047288
3001231	COURSE-1230	CB-3	3	2019319
3001232	COURSE-1231	CB-3	1	2023299
3001233	COURSE-1232	CB-3	1	2010045
3001234	COURSE-1233	CB-3	3	2032589
3001235	COURSE-1234	CB-2	3	2000171
3001236	COURSE-1235	CB-1	2	2048070
3001237	COURSE-1236	CB-1	2	2049420
3001238	COURSE-1237	CB-1	1	2048029
3001239	COURSE-1238	CB-3	2	2039353
3001240	COURSE-1239	CB-3	2	2029166
3001241	COURSE-1240	CB-2	2	2013177
3001242	COURSE-1241	CB-2	3	2045889
3001243	COURSE-1242	CB-2	1	2041432
3001244	COURSE-1243	CB-2	2	2044332
3001245	COURSE-1244	CB-2	3	2048194
3001246	COURSE-1245	CB-2	1	2026656
3001247	COURSE-1246	CB-2	3	2040645
3001248	COURSE-1247	CB-2	2	2028257
3001249	COURSE-1248	CB-1	3	2048505
3001250	COURSE-1249	CB-2	1	2015178
3001251	COURSE-1250	CB-3	2	2003620
3001252	COURSE-1251	CB-2	3	2024732
3001253	COURSE-1252	CB-3	2	2043480
3001254	COURSE-1253	CB-3	2	2011340
3001255	COURSE-1254	CB-2	1	2035889
3001256	COURSE-1255	CB-2	2	2003129
3001257	COURSE-1256	CB-1	4	2016014
3001258	COURSE-1257	CB-1	1	2014746
3001259	COURSE-1258	CB-3	3	2036320
3001260	COURSE-1259	CB-1	3	2018862
3001261	COURSE-1260	CB-1	3	2029463
3001262	COURSE-1261	CB-3	2	2040378
3001263	COURSE-1262	CB-2	2	2038132
3001264	COURSE-1263	CB-1	2	2011162
3001265	COURSE-1264	CB-3	4	2016156
3001266	COURSE-1265	CB-2	1	2037952
3001267	COURSE-1266	CB-3	3	2008815
3001268	COURSE-1267	CB-2	2	2038663
3001269	COURSE-1268	CB-2	3	2043437
3001270	COURSE-1269	CB-1	3	2018542
3001271	COURSE-1270	CB-2	1	2004971
3001272	COURSE-1271	CB-2	1	2032848
3001273	COURSE-1272	CB-1	2	2013642
3001274	COURSE-1273	CB-2	1	2020043
3001275	COURSE-1274	CB-1	2	2032007
3001276	COURSE-1275	CB-2	4	2033649
3001277	COURSE-1276	CB-2	3	2043740
3001278	COURSE-1277	CB-1	2	2031948
3001279	COURSE-1278	CB-3	2	2048178
3001280	COURSE-1279	CB-1	3	2028971
3001281	COURSE-1280	CB-1	4	2046998
3001282	COURSE-1281	CB-3	2	2021502
3001283	COURSE-1282	CB-2	2	2002467
3001284	COURSE-1283	CB-1	4	2012963
3001285	COURSE-1284	CB-3	2	2046492
3001286	COURSE-1285	CB-2	3	2014371
3001287	COURSE-1286	CB-3	1	2015381
3001288	COURSE-1287	CB-2	2	2040077
3001289	COURSE-1288	CB-1	2	2028217
3001290	COURSE-1289	CB-3	4	2018940
3001291	COURSE-1290	CB-1	1	2040262
3001292	COURSE-1291	CB-3	1	2044664
3001293	COURSE-1292	CB-1	3	2038043
3001294	COURSE-1293	CB-3	1	2049292
3001295	COURSE-1294	CB-2	3	2008470
3001296	COURSE-1295	CB-2	2	2044162
3001297	COURSE-1296	CB-3	3	2048025
3001298	COURSE-1297	CB-3	3	2011157
3001299	COURSE-1298	CB-2	3	2011288
3001300	COURSE-1299	CB-1	1	2013829
3001301	COURSE-1300	CB-1	2	2010518
3001302	COURSE-1301	CB-2	1	2036465
3001303	COURSE-1302	CB-1	4	2004460
3001304	COURSE-1303	CB-3	3	2022851
3001305	COURSE-1304	CB-2	4	2026583
3001306	COURSE-1305	CB-1	3	2030090
3001307	COURSE-1306	CB-1	2	2010976
3001308	COURSE-1307	CB-3	2	2021265
3001309	COURSE-1308	CB-3	3	2023502
3001310	COURSE-1309	CB-1	3	2015786
3001311	COURSE-1310	CB-1	3	2004629
3001312	COURSE-1311	CB-3	2	2030784
3001313	COURSE-1312	CB-1	2	2039018
3001314	COURSE-1313	CB-2	2	2039206
3001315	COURSE-1314	CB-1	2	2040796
3001316	COURSE-1315	CB-1	3	2038068
3001317	COURSE-1316	CB-2	4	2001434
3001318	COURSE-1317	CB-1	1	2041208
3001319	COURSE-1318	CB-3	4	2024899
3001320	COURSE-1319	CB-1	2	2015147
3001321	COURSE-1320	CB-3	3	2001229
3001322	COURSE-1321	CB-1	2	2005250
3001323	COURSE-1322	CB-1	2	2001686
3001324	COURSE-1323	CB-3	3	2041375
3001325	COURSE-1324	CB-1	4	2000668
3001326	COURSE-1325	CB-3	3	2034352
3001327	COURSE-1326	CB-3	3	2016074
3001328	COURSE-1327	CB-3	1	2042720
3001329	COURSE-1328	CB-3	3	2047161
3001330	COURSE-1329	CB-1	1	2022361
3001331	COURSE-1330	CB-3	1	2010899
3001332	COURSE-1331	CB-2	3	2007577
3001333	COURSE-1332	CB-2	2	2045070
3001334	COURSE-1333	CB-3	3	2027609
3001335	COURSE-1334	CB-3	2	2046550
3001336	COURSE-1335	CB-1	2	2001613
3001337	COURSE-1336	CB-2	1	2011910
3001338	COURSE-1337	CB-2	3	2047558
3001339	COURSE-1338	CB-1	4	2037034
3001340	COURSE-1339	CB-2	2	2021324
3001341	COURSE-1340	CB-2	2	2035366
3001342	COURSE-1341	CB-1	3	2024751
3001343	COURSE-1342	CB-3	3	2049240
3001344	COURSE-1343	CB-1	2	2043317
3001345	COURSE-1344	CB-1	2	2027183
3001346	COURSE-1345	CB-3	3	2029083
3001347	COURSE-1346	CB-1	3	2045406
3001348	COURSE-1347	CB-3	2	2042783
3001349	COURSE-1348	CB-1	3	2010872
3001350	COURSE-1349	CB-1	3	2040467
3001351	COURSE-1350	CB-1	3	2005527
3001352	COURSE-1351	CB-2	3	2034362
3001353	COURSE-1352	CB-3	3	2034288
3001354	COURSE-1353	CB-2	1	2010243
3001355	COURSE-1354	CB-3	3	2037048
3001356	COURSE-1355	CB-2	2	2018593
3001357	COURSE-1356	CB-1	2	2042353
3001358	COURSE-1357	CB-1	2	2010014
3001359	COURSE-1358	CB-1	1	2031837
3001360	COURSE-1359	CB-3	3	2002220
3001361	COURSE-1360	CB-1	2	2010787
3001362	COURSE-1361	CB-3	2	2015787
3001363	COURSE-1362	CB-2	2	2023785
3001364	COURSE-1363	CB-3	4	2044259
3001365	COURSE-1364	CB-2	2	2036317
3001366	COURSE-1365	CB-1	1	2043190
3001367	COURSE-1366	CB-1	2	2013171
3001368	COURSE-1367	CB-1	2	2020959
3001369	COURSE-1368	CB-2	3	2023361
3001370	COURSE-1369	CB-3	2	2007688
3001371	COURSE-1370	CB-2	3	2039955
3001372	COURSE-1371	CB-3	2	2001264
3001373	COURSE-1372	CB-2	2	2026574
3001374	COURSE-1373	CB-1	3	2027904
3001375	COURSE-1374	CB-3	2	2048722
3001376	COURSE-1375	CB-3	3	2022579
3001377	COURSE-1376	CB-3	3	2018973
3001378	COURSE-1377	CB-2	2	2033467
3001379	COURSE-1378	CB-2	3	2030463
3001380	COURSE-1379	CB-1	4	2029479
3001381	COURSE-1380	CB-1	2	2007630
3001382	COURSE-1381	CB-3	1	2019246
3001383	COURSE-1382	CB-2	2	2010225
3001384	COURSE-1383	CB-3	2	2034455
3001385	COURSE-1384	CB-2	3	2047196
3001386	COURSE-1385	CB-2	3	2002998
3001387	COURSE-1386	CB-2	2	2012048
3001388	COURSE-1387	CB-2	4	2014356
3001389	COURSE-1388	CB-1	2	2041781
3001390	COURSE-1389	CB-3	3	2009425
3001391	COURSE-1390	CB-2	1	2030507
3001392	COURSE-1391	CB-2	1	2010630
3001393	COURSE-1392	CB-2	4	2006156
3001394	COURSE-1393	CB-1	1	2013712
3001395	COURSE-1394	CB-2	2	2002387
3001396	COURSE-1395	CB-2	2	2013711
3001397	COURSE-1396	CB-2	4	2028834
3001398	COURSE-1397	CB-3	2	2001385
3001399	COURSE-1398	CB-1	1	2011346
3001400	COURSE-1399	CB-3	1	2034162
3001401	COURSE-1400	CB-2	1	2045694
3001402	COURSE-1401	CB-2	2	2014073
3001403	COURSE-1402	CB-1	2	2044115
3001404	COURSE-1403	CB-2	3	2047132
3001405	COURSE-1404	CB-2	3	2049065
3001406	COURSE-1405	CB-2	2	2012930
3001407	COURSE-1406	CB-2	4	2011164
3001408	COURSE-1407	CB-1	2	2022954
3001409	COURSE-1408	CB-3	1	2014309
3001410	COURSE-1409	CB-3	3	2015242
3001411	COURSE-1410	CB-3	2	2018539
3001412	COURSE-1411	CB-2	1	2045281
3001413	COURSE-1412	CB-3	3	2036968
3001414	COURSE-1413	CB-2	3	2020011
3001415	COURSE-1414	CB-3	3	2011522
3001416	COURSE-1415	CB-1	3	2003835
3001417	COURSE-1416	CB-3	3	2040565
3001418	COURSE-1417	CB-1	3	2046234
3001419	COURSE-1418	CB-1	1	2009601
3001420	COURSE-1419	CB-3	2	2024211
3001421	COURSE-1420	CB-2	3	2034358
3001422	COURSE-1421	CB-1	3	2011633
3001423	COURSE-1422	CB-2	3	2007653
3001424	COURSE-1423	CB-3	3	2023996
3001425	COURSE-1424	CB-2	2	2024616
3001426	COURSE-1425	CB-1	1	2001418
3001427	COURSE-1426	CB-1	3	2037524
3001428	COURSE-1427	CB-3	3	2011944
3001429	COURSE-1428	CB-1	1	2012449
3001430	COURSE-1429	CB-3	2	2012187
3001431	COURSE-1430	CB-2	3	2006775
3001432	COURSE-1431	CB-3	2	2007067
3001433	COURSE-1432	CB-1	3	2020950
3001434	COURSE-1433	CB-3	3	2023599
3001435	COURSE-1434	CB-3	2	2005084
3001436	COURSE-1435	CB-1	3	2036319
3001437	COURSE-1436	CB-3	3	2022656
3001438	COURSE-1437	CB-2	4	2017745
3001439	COURSE-1438	CB-2	2	2030555
3001440	COURSE-1439	CB-3	3	2040762
3001441	COURSE-1440	CB-3	3	2028729
3001442	COURSE-1441	CB-1	3	2045788
3001443	COURSE-1442	CB-2	3	2015181
3001444	COURSE-1443	CB-2	2	2027349
3001445	COURSE-1444	CB-3	2	2009775
3001446	COURSE-1445	CB-2	1	2016512
3001447	COURSE-1446	CB-2	2	2042829
3001448	COURSE-1447	CB-1	4	2047345
3001449	COURSE-1448	CB-2	1	2030852
3001450	COURSE-1449	CB-2	3	2010590
3001451	COURSE-1450	CB-1	3	2028407
3001452	COURSE-1451	CB-2	2	2012465
3001453	COURSE-1452	CB-2	2	2006952
3001454	COURSE-1453	CB-1	3	2003583
3001455	COURSE-1454	CB-3	3	2011329
3001456	COURSE-1455	CB-1	3	2002269
3001457	COURSE-1456	CB-2	2	2024403
3001458	COURSE-1457	CB-2	3	2018700
3001459	COURSE-1458	CB-1	1	2043226
3001460	COURSE-1459	CB-1	3	2046605
3001461	COURSE-1460	CB-1	4	2043826
3001462	COURSE-1461	CB-1	2	2028370
3001463	COURSE-1462	CB-3	2	2015078
3001464	COURSE-1463	CB-3	3	2015689
3001465	COURSE-1464	CB-1	1	2037690
3001466	COURSE-1465	CB-3	3	2021354
3001467	COURSE-1466	CB-1	2	2014401
3001468	COURSE-1467	CB-3	3	2027878
3001469	COURSE-1468	CB-1	2	2024969
3001470	COURSE-1469	CB-3	3	2034015
3001471	COURSE-1470	CB-2	3	2020552
3001472	COURSE-1471	CB-2	3	2032439
3001473	COURSE-1472	CB-2	3	2023921
3001474	COURSE-1473	CB-2	4	2024922
3001475	COURSE-1474	CB-3	1	2041420
3001476	COURSE-1475	CB-2	3	2009948
3001477	COURSE-1476	CB-3	3	2018885
3001478	COURSE-1477	CB-2	2	2013407
3001479	COURSE-1478	CB-3	3	2017749
3001480	COURSE-1479	CB-1	1	2005577
3001481	COURSE-1480	CB-2	2	2015397
3001482	COURSE-1481	CB-3	1	2032041
3001483	COURSE-1482	CB-3	1	2003949
3001484	COURSE-1483	CB-1	2	2004419
3001485	COURSE-1484	CB-3	2	2001471
3001486	COURSE-1485	CB-1	4	2021835
3001487	COURSE-1486	CB-2	2	2027704
3001488	COURSE-1487	CB-3	3	2009840
3001489	COURSE-1488	CB-1	2	2001051
3001490	COURSE-1489	CB-2	3	2019378
3001491	COURSE-1490	CB-2	3	2033661
3001492	COURSE-1491	CB-1	3	2024085
3001493	COURSE-1492	CB-1	2	2038200
3001494	COURSE-1493	CB-3	2	2048942
3001495	COURSE-1494	CB-3	2	2014351
3001496	COURSE-1495	CB-2	1	2016222
3001497	COURSE-1496	CB-1	1	2027060
3001498	COURSE-1497	CB-2	1	2006150
3001499	COURSE-1498	CB-3	2	2035832
3001500	COURSE-1499	CB-1	3	2006284
3001501	COURSE-1500	CB-1	2	2004011
3001502	COURSE-1501	CB-1	2	2027600
3001503	COURSE-1502	CB-2	1	2001678
3001504	COURSE-1503	CB-1	3	2038615
3001505	COURSE-1504	CB-2	2	2013500
3001506	COURSE-1505	CB-1	3	2018272
3001507	COURSE-1506	CB-3	2	2048088
3001508	COURSE-1507	CB-2	3	2017538
3001509	COURSE-1508	CB-1	3	2012129
3001510	COURSE-1509	CB-3	3	2008730
3001511	COURSE-1510	CB-2	2	2016956
3001512	COURSE-1511	CB-2	3	2005628
3001513	COURSE-1512	CB-1	2	2049734
3001514	COURSE-1513	CB-1	2	2002360
3001515	COURSE-1514	CB-3	1	2047190
3001516	COURSE-1515	CB-3	2	2030784
3001517	COURSE-1516	CB-2	1	2031130
3001518	COURSE-1517	CB-2	2	2003056
3001519	COURSE-1518	CB-3	4	2037329
3001520	COURSE-1519	CB-1	2	2015834
3001521	COURSE-1520	CB-2	2	2031077
3001522	COURSE-1521	CB-3	2	2004127
3001523	COURSE-1522	CB-3	3	2001369
3001524	COURSE-1523	CB-2	2	2015500
3001525	COURSE-1524	CB-2	2	2043594
3001526	COURSE-1525	CB-1	2	2012910
3001527	COURSE-1526	CB-3	2	2011669
3001528	COURSE-1527	CB-1	2	2045399
3001529	COURSE-1528	CB-3	1	2046410
3001530	COURSE-1529	CB-3	2	2038764
3001531	COURSE-1530	CB-3	2	2048317
3001532	COURSE-1531	CB-2	3	2046424
3001533	COURSE-1532	CB-2	3	2044467
3001534	COURSE-1533	CB-3	3	2014011
3001535	COURSE-1534	CB-3	3	2012916
3001536	COURSE-1535	CB-1	4	2000825
3001537	COURSE-1536	CB-3	3	2007236
3001538	COURSE-1537	CB-1	2	2026394
3001539	COURSE-1538	CB-3	3	2014531
3001540	COURSE-1539	CB-2	4	2018795
3001541	COURSE-1540	CB-3	1	2004407
3001542	COURSE-1541	CB-1	4	2015448
3001543	COURSE-1542	CB-2	1	2022109
3001544	COURSE-1543	CB-2	2	2032539
3001545	COURSE-1544	CB-3	3	2011334
3001546	COURSE-1545	CB-1	3	2040048
3001547	COURSE-1546	CB-1	3	2043800
3001548	COURSE-1547	CB-3	3	2012306
3001549	COURSE-1548	CB-2	3	2015760
3001550	COURSE-1549	CB-3	3	2007038
3001551	COURSE-1550	CB-1	1	2016404
3001552	COURSE-1551	CB-2	3	2039455
3001553	COURSE-1552	CB-3	1	2002953
3001554	COURSE-1553	CB-1	1	2015938
3001555	COURSE-1554	CB-2	2	2013095
3001556	COURSE-1555	CB-3	2	2039903
3001557	COURSE-1556	CB-1	3	2033531
3001558	COURSE-1557	CB-1	3	2046699
3001559	COURSE-1558	CB-2	3	2017731
3001560	COURSE-1559	CB-2	1	2044547
3001561	COURSE-1560	CB-3	1	2025285
3001562	COURSE-1561	CB-2	2	2012504
3001563	COURSE-1562	CB-2	4	2018118
3001564	COURSE-1563	CB-1	4	2011957
3001565	COURSE-1564	CB-3	2	2028749
3001566	COURSE-1565	CB-2	2	2023585
3001567	COURSE-1566	CB-2	4	2017049
3001568	COURSE-1567	CB-3	2	2025347
3001569	COURSE-1568	CB-3	2	2019345
3001570	COURSE-1569	CB-3	3	2044008
3001571	COURSE-1570	CB-2	2	2022720
3001572	COURSE-1571	CB-2	2	2037583
3001573	COURSE-1572	CB-3	2	2048401
3001574	COURSE-1573	CB-3	2	2037179
3001575	COURSE-1574	CB-1	3	2019910
3001576	COURSE-1575	CB-3	2	2011789
3001577	COURSE-1576	CB-2	3	2044042
3001578	COURSE-1577	CB-1	2	2028244
3001579	COURSE-1578	CB-3	2	2005545
3001580	COURSE-1579	CB-3	2	2002490
3001581	COURSE-1580	CB-1	3	2008659
3001582	COURSE-1581	CB-3	2	2015344
3001583	COURSE-1582	CB-1	3	2000834
3001584	COURSE-1583	CB-2	1	2010280
3001585	COURSE-1584	CB-1	4	2000366
3001586	COURSE-1585	CB-1	3	2020529
3001587	COURSE-1586	CB-3	3	2022931
3001588	COURSE-1587	CB-1	2	2008879
3001589	COURSE-1588	CB-2	3	2018574
3001590	COURSE-1589	CB-2	3	2010899
3001591	COURSE-1590	CB-2	2	2011605
3001592	COURSE-1591	CB-2	2	2021617
3001593	COURSE-1592	CB-2	1	2006797
3001594	COURSE-1593	CB-3	1	2048614
3001595	COURSE-1594	CB-2	2	2039735
3001596	COURSE-1595	CB-3	2	2013728
3001597	COURSE-1596	CB-2	3	2036596
3001598	COURSE-1597	CB-1	2	2039665
3001599	COURSE-1598	CB-2	1	2040450
3001600	COURSE-1599	CB-1	1	2029536
3001601	COURSE-1600	CB-2	3	2001666
3001602	COURSE-1601	CB-3	1	2016703
3001603	COURSE-1602	CB-2	3	2046706
3001604	COURSE-1603	CB-2	3	2030489
3001605	COURSE-1604	CB-3	1	2027851
3001606	COURSE-1605	CB-3	1	2042150
3001607	COURSE-1606	CB-2	2	2047697
3001608	COURSE-1607	CB-3	2	2013176
3001609	COURSE-1608	CB-3	2	2048672
3001610	COURSE-1609	CB-2	2	2030821
3001611	COURSE-1610	CB-2	2	2028557
3001612	COURSE-1611	CB-1	3	2025645
3001613	COURSE-1612	CB-1	3	2036378
3001614	COURSE-1613	CB-2	2	2016244
3001615	COURSE-1614	CB-2	2	2029561
3001616	COURSE-1615	CB-2	1	2023626
3001617	COURSE-1616	CB-1	2	2011693
3001618	COURSE-1617	CB-2	3	2016320
3001619	COURSE-1618	CB-3	3	2014031
3001620	COURSE-1619	CB-2	2	2008314
3001621	COURSE-1620	CB-3	3	2010386
3001622	COURSE-1621	CB-1	2	2021205
3001623	COURSE-1622	CB-3	1	2047713
3001624	COURSE-1623	CB-2	2	2045890
3001625	COURSE-1624	CB-3	3	2014703
3001626	COURSE-1625	CB-3	2	2028330
3001627	COURSE-1626	CB-1	3	2021108
3001628	COURSE-1627	CB-3	2	2028138
3001629	COURSE-1628	CB-1	1	2016642
3001630	COURSE-1629	CB-3	2	2044239
3001631	COURSE-1630	CB-2	3	2044032
3001632	COURSE-1631	CB-2	3	2021080
3001633	COURSE-1632	CB-1	1	2004795
3001634	COURSE-1633	CB-3	4	2022710
3001635	COURSE-1634	CB-1	2	2031625
3001636	COURSE-1635	CB-3	1	2028959
3001637	COURSE-1636	CB-1	2	2033609
3001638	COURSE-1637	CB-1	1	2041779
3001639	COURSE-1638	CB-1	2	2046252
3001640	COURSE-1639	CB-3	3	2019093
3001641	COURSE-1640	CB-2	2	2012273
3001642	COURSE-1641	CB-3	3	2020102
3001643	COURSE-1642	CB-1	2	2003407
3001644	COURSE-1643	CB-2	2	2030746
3001645	COURSE-1644	CB-2	2	2049424
3001646	COURSE-1645	CB-1	3	2039763
3001647	COURSE-1646	CB-2	4	2043558
3001648	COURSE-1647	CB-3	3	2009999
3001649	COURSE-1648	CB-3	1	2013412
3001650	COURSE-1649	CB-1	3	2004774
3001651	COURSE-1650	CB-3	4	2031586
3001652	COURSE-1651	CB-3	3	2026662
3001653	COURSE-1652	CB-3	2	2021161
3001654	COURSE-1653	CB-2	1	2039829
3001655	COURSE-1654	CB-3	4	2046629
3001656	COURSE-1655	CB-3	3	2041599
3001657	COURSE-1656	CB-3	3	2022757
3001658	COURSE-1657	CB-1	2	2048365
3001659	COURSE-1658	CB-1	2	2008446
3001660	COURSE-1659	CB-3	3	2029259
3001661	COURSE-1660	CB-2	2	2027634
3001662	COURSE-1661	CB-2	1	2046536
3001663	COURSE-1662	CB-1	3	2045005
3001664	COURSE-1663	CB-2	2	2010820
3001665	COURSE-1664	CB-1	3	2049789
3001666	COURSE-1665	CB-2	3	2011572
3001667	COURSE-1666	CB-1	3	2045641
3001668	COURSE-1667	CB-2	2	2018866
3001669	COURSE-1668	CB-3	3	2040613
3001670	COURSE-1669	CB-1	4	2011693
3001671	COURSE-1670	CB-1	2	2027811
3001672	COURSE-1671	CB-3	1	2045694
3001673	COURSE-1672	CB-2	1	2030130
3001674	COURSE-1673	CB-2	2	2000395
3001675	COURSE-1674	CB-2	2	2005944
3001676	COURSE-1675	CB-3	3	2033091
3001677	COURSE-1676	CB-3	3	2033839
3001678	COURSE-1677	CB-3	3	2009664
3001679	COURSE-1678	CB-1	1	2020406
3001680	COURSE-1679	CB-3	2	2032417
3001681	COURSE-1680	CB-3	3	2007274
3001682	COURSE-1681	CB-3	3	2021340
3001683	COURSE-1682	CB-1	4	2046449
3001684	COURSE-1683	CB-1	3	2011798
3001685	COURSE-1684	CB-2	1	2002734
3001686	COURSE-1685	CB-3	2	2046951
3001687	COURSE-1686	CB-1	2	2001820
3001688	COURSE-1687	CB-2	4	2016526
3001689	COURSE-1688	CB-1	3	2004211
3001690	COURSE-1689	CB-3	1	2028710
3001691	COURSE-1690	CB-1	1	2005494
3001692	COURSE-1691	CB-3	1	2001456
3001693	COURSE-1692	CB-3	2	2023108
3001694	COURSE-1693	CB-3	3	2003787
3001695	COURSE-1694	CB-2	1	2006006
3001696	COURSE-1695	CB-3	3	2049617
3001697	COURSE-1696	CB-2	2	2035757
3001698	COURSE-1697	CB-3	2	2031978
3001699	COURSE-1698	CB-3	2	2030916
3001700	COURSE-1699	CB-2	3	2004371
3001701	COURSE-1700	CB-2	2	2045804
3001702	COURSE-1701	CB-1	1	2011184
3001703	COURSE-1702	CB-1	3	2025789
3001704	COURSE-1703	CB-2	3	2031750
3001705	COURSE-1704	CB-2	4	2018511
3001706	COURSE-1705	CB-3	3	2035339
3001707	COURSE-1706	CB-3	1	2020966
3001708	COURSE-1707	CB-1	2	2031322
3001709	COURSE-1708	CB-3	3	2045955
3001710	COURSE-1709	CB-3	2	2046407
3001711	COURSE-1710	CB-1	2	2046355
3001712	COURSE-1711	CB-2	2	2030771
3001713	COURSE-1712	CB-2	4	2028540
3001714	COURSE-1713	CB-2	2	2018384
3001715	COURSE-1714	CB-3	3	2008170
3001716	COURSE-1715	CB-2	2	2036691
3001717	COURSE-1716	CB-1	2	2021325
3001718	COURSE-1717	CB-1	1	2024806
3001719	COURSE-1718	CB-2	1	2047485
3001720	COURSE-1719	CB-2	4	2036069
3001721	COURSE-1720	CB-3	2	2003221
3001722	COURSE-1721	CB-1	3	2021641
3001723	COURSE-1722	CB-2	3	2002483
3001724	COURSE-1723	CB-2	2	2012163
3001725	COURSE-1724	CB-3	2	2030889
3001726	COURSE-1725	CB-2	2	2001328
3001727	COURSE-1726	CB-2	2	2048257
3001728	COURSE-1727	CB-2	2	2007888
3001729	COURSE-1728	CB-3	3	2035412
3001730	COURSE-1729	CB-2	3	2013318
3001731	COURSE-1730	CB-1	1	2037066
3001732	COURSE-1731	CB-2	1	2001419
3001733	COURSE-1732	CB-2	2	2001784
3001734	COURSE-1733	CB-2	3	2023279
3001735	COURSE-1734	CB-2	3	2037254
3001736	COURSE-1735	CB-1	3	2037649
3001737	COURSE-1736	CB-2	1	2016521
3001738	COURSE-1737	CB-2	3	2033743
3001739	COURSE-1738	CB-2	2	2031822
3001740	COURSE-1739	CB-1	3	2040911
3001741	COURSE-1740	CB-1	2	2035270
3001742	COURSE-1741	CB-1	3	2034066
3001743	COURSE-1742	CB-2	1	2015850
3001744	COURSE-1743	CB-2	1	2008798
3001745	COURSE-1744	CB-1	2	2034744
3001746	COURSE-1745	CB-2	3	2010952
3001747	COURSE-1746	CB-2	4	2027917
3001748	COURSE-1747	CB-2	3	2046792
3001749	COURSE-1748	CB-1	3	2049495
3001750	COURSE-1749	CB-1	2	2042679
3001751	COURSE-1750	CB-2	3	2049261
3001752	COURSE-1751	CB-1	2	2021566
3001753	COURSE-1752	CB-2	3	2026427
3001754	COURSE-1753	CB-3	3	2043300
3001755	COURSE-1754	CB-3	2	2034790
3001756	COURSE-1755	CB-2	2	2036386
3001757	COURSE-1756	CB-3	3	2010708
3001758	COURSE-1757	CB-1	3	2041149
3001759	COURSE-1758	CB-1	2	2006684
3001760	COURSE-1759	CB-3	2	2047435
3001761	COURSE-1760	CB-2	4	2011672
3001762	COURSE-1761	CB-3	1	2015812
3001763	COURSE-1762	CB-1	1	2030470
3001764	COURSE-1763	CB-2	3	2044787
3001765	COURSE-1764	CB-3	4	2025935
3001766	COURSE-1765	CB-1	2	2009970
3001767	COURSE-1766	CB-2	3	2048326
3001768	COURSE-1767	CB-2	3	2004104
3001769	COURSE-1768	CB-1	2	2002303
3001770	COURSE-1769	CB-3	3	2008041
3001771	COURSE-1770	CB-2	4	2035355
3001772	COURSE-1771	CB-3	3	2038233
3001773	COURSE-1772	CB-2	1	2005588
3001774	COURSE-1773	CB-2	2	2041155
3001775	COURSE-1774	CB-3	2	2043400
3001776	COURSE-1775	CB-3	2	2033255
3001777	COURSE-1776	CB-3	1	2024313
3001778	COURSE-1777	CB-1	3	2009430
3001779	COURSE-1778	CB-3	2	2043559
3001780	COURSE-1779	CB-1	3	2035713
3001781	COURSE-1780	CB-1	1	2014142
3001782	COURSE-1781	CB-3	2	2013349
3001783	COURSE-1782	CB-2	3	2041020
3001784	COURSE-1783	CB-2	3	2033526
3001785	COURSE-1784	CB-1	2	2017354
3001786	COURSE-1785	CB-1	2	2039929
3001787	COURSE-1786	CB-3	1	2033849
3001788	COURSE-1787	CB-1	1	2022676
3001789	COURSE-1788	CB-3	2	2014949
3001790	COURSE-1789	CB-1	2	2047764
3001791	COURSE-1790	CB-1	1	2037674
3001792	COURSE-1791	CB-3	2	2035146
3001793	COURSE-1792	CB-1	1	2009723
3001794	COURSE-1793	CB-3	2	2049445
3001795	COURSE-1794	CB-3	2	2007097
3001796	COURSE-1795	CB-2	2	2014098
3001797	COURSE-1796	CB-2	1	2008420
3001798	COURSE-1797	CB-1	2	2031144
3001799	COURSE-1798	CB-3	3	2008429
3001800	COURSE-1799	CB-2	3	2013170
3001801	COURSE-1800	CB-2	1	2023801
3001802	COURSE-1801	CB-1	3	2003259
3001803	COURSE-1802	CB-1	2	2011742
3001804	COURSE-1803	CB-2	2	2036379
3001805	COURSE-1804	CB-2	1	2043469
3001806	COURSE-1805	CB-2	3	2007182
3001807	COURSE-1806	CB-1	2	2043005
3001808	COURSE-1807	CB-3	3	2002719
3001809	COURSE-1808	CB-3	2	2002293
3001810	COURSE-1809	CB-1	2	2029930
3001811	COURSE-1810	CB-2	3	2000184
3001812	COURSE-1811	CB-2	2	2012121
3001813	COURSE-1812	CB-1	1	2005972
3001814	COURSE-1813	CB-1	3	2038745
3001815	COURSE-1814	CB-3	2	2014144
3001816	COURSE-1815	CB-3	2	2027923
3001817	COURSE-1816	CB-3	3	2026863
3001818	COURSE-1817	CB-2	2	2000571
3001819	COURSE-1818	CB-1	3	2035412
3001820	COURSE-1819	CB-2	2	2035947
3001821	COURSE-1820	CB-3	2	2046251
3001822	COURSE-1821	CB-1	2	2000326
3001823	COURSE-1822	CB-3	2	2049880
3001824	COURSE-1823	CB-1	3	2034056
3001825	COURSE-1824	CB-1	3	2035403
3001826	COURSE-1825	CB-3	2	2043489
3001827	COURSE-1826	CB-2	4	2037642
3001828	COURSE-1827	CB-3	3	2025667
3001829	COURSE-1828	CB-1	1	2046673
3001830	COURSE-1829	CB-3	2	2009512
3001831	COURSE-1830	CB-3	3	2040306
3001832	COURSE-1831	CB-1	1	2033088
3001833	COURSE-1832	CB-3	3	2003742
3001834	COURSE-1833	CB-2	1	2030708
3001835	COURSE-1834	CB-2	2	2036262
3001836	COURSE-1835	CB-2	3	2014229
3001837	COURSE-1836	CB-2	3	2044357
3001838	COURSE-1837	CB-1	3	2002947
3001839	COURSE-1838	CB-1	3	2000674
3001840	COURSE-1839	CB-2	2	2047803
3001841	COURSE-1840	CB-2	3	2049405
3001842	COURSE-1841	CB-2	1	2031834
3001843	COURSE-1842	CB-2	4	2032238
3001844	COURSE-1843	CB-3	1	2047813
3001845	COURSE-1844	CB-1	3	2014381
3001846	COURSE-1845	CB-3	2	2003056
3001847	COURSE-1846	CB-1	4	2029502
3001848	COURSE-1847	CB-2	2	2033726
3001849	COURSE-1848	CB-2	2	2003159
3001850	COURSE-1849	CB-1	2	2049841
3001851	COURSE-1850	CB-3	3	2024881
3001852	COURSE-1851	CB-1	1	2045250
3001853	COURSE-1852	CB-3	1	2026325
3001854	COURSE-1853	CB-1	2	2011816
3001855	COURSE-1854	CB-1	4	2033826
3001856	COURSE-1855	CB-3	3	2003002
3001857	COURSE-1856	CB-3	1	2018749
3001858	COURSE-1857	CB-1	4	2029148
3001859	COURSE-1858	CB-3	4	2014348
3001860	COURSE-1859	CB-3	4	2028050
3001861	COURSE-1860	CB-1	1	2001067
3001862	COURSE-1861	CB-1	4	2002007
3001863	COURSE-1862	CB-1	2	2020067
3001864	COURSE-1863	CB-2	2	2033948
3001865	COURSE-1864	CB-3	2	2047723
3001866	COURSE-1865	CB-1	4	2032872
3001867	COURSE-1866	CB-1	3	2030706
3001868	COURSE-1867	CB-1	2	2030601
3001869	COURSE-1868	CB-1	3	2035372
3001870	COURSE-1869	CB-2	2	2002802
3001871	COURSE-1870	CB-1	2	2009932
3001872	COURSE-1871	CB-2	2	2014790
3001873	COURSE-1872	CB-2	2	2048380
3001874	COURSE-1873	CB-3	2	2035757
3001875	COURSE-1874	CB-1	3	2019067
3001876	COURSE-1875	CB-2	2	2009040
3001877	COURSE-1876	CB-3	2	2020570
3001878	COURSE-1877	CB-3	3	2017356
3001879	COURSE-1878	CB-3	1	2044766
3001880	COURSE-1879	CB-2	2	2047410
3001881	COURSE-1880	CB-1	1	2028805
3001882	COURSE-1881	CB-1	1	2018438
3001883	COURSE-1882	CB-3	2	2002002
3001884	COURSE-1883	CB-2	2	2008823
3001885	COURSE-1884	CB-2	4	2034429
3001886	COURSE-1885	CB-2	1	2031178
3001887	COURSE-1886	CB-3	2	2049037
3001888	COURSE-1887	CB-3	2	2030093
3001889	COURSE-1888	CB-2	2	2027576
3001890	COURSE-1889	CB-1	3	2046514
3001891	COURSE-1890	CB-3	3	2013364
3001892	COURSE-1891	CB-2	1	2008675
3001893	COURSE-1892	CB-2	3	2048268
3001894	COURSE-1893	CB-2	3	2019692
3001895	COURSE-1894	CB-3	3	2021358
3001896	COURSE-1895	CB-1	4	2048762
3001897	COURSE-1896	CB-2	4	2033779
3001898	COURSE-1897	CB-3	3	2018872
3001899	COURSE-1898	CB-2	3	2038068
3001900	COURSE-1899	CB-2	2	2009882
3001901	COURSE-1900	CB-2	3	2039787
3001902	COURSE-1901	CB-1	2	2021099
3001903	COURSE-1902	CB-1	3	2041171
3001904	COURSE-1903	CB-3	3	2047437
3001905	COURSE-1904	CB-2	1	2021323
3001906	COURSE-1905	CB-2	3	2019857
3001907	COURSE-1906	CB-2	3	2043141
3001908	COURSE-1907	CB-1	3	2041788
3001909	COURSE-1908	CB-2	2	2030121
3001910	COURSE-1909	CB-1	2	2006374
3001911	COURSE-1910	CB-1	1	2027582
3001912	COURSE-1911	CB-3	3	2005746
3001913	COURSE-1912	CB-2	2	2032013
3001914	COURSE-1913	CB-1	3	2018037
3001915	COURSE-1914	CB-3	2	2041792
3001916	COURSE-1915	CB-1	3	2024828
3001917	COURSE-1916	CB-2	2	2030073
3001918	COURSE-1917	CB-1	3	2037728
3001919	COURSE-1918	CB-3	1	2041678
3001920	COURSE-1919	CB-1	1	2014404
3001921	COURSE-1920	CB-1	3	2003477
3001922	COURSE-1921	CB-2	2	2009593
3001923	COURSE-1922	CB-1	2	2017822
3001924	COURSE-1923	CB-1	2	2017977
3001925	COURSE-1924	CB-2	3	2013958
3001926	COURSE-1925	CB-2	1	2032012
3001927	COURSE-1926	CB-1	3	2038797
3001928	COURSE-1927	CB-2	3	2006035
3001929	COURSE-1928	CB-2	3	2015071
3001930	COURSE-1929	CB-3	3	2025365
3001931	COURSE-1930	CB-3	4	2020088
3001932	COURSE-1931	CB-2	2	2041843
3001933	COURSE-1932	CB-2	3	2011927
3001934	COURSE-1933	CB-2	1	2008233
3001935	COURSE-1934	CB-2	3	2019057
3001936	COURSE-1935	CB-3	2	2017187
3001937	COURSE-1936	CB-1	4	2028624
3001938	COURSE-1937	CB-1	2	2043445
3001939	COURSE-1938	CB-1	2	2037831
3001940	COURSE-1939	CB-1	1	2025506
3001941	COURSE-1940	CB-2	4	2021340
3001942	COURSE-1941	CB-1	3	2049930
3001943	COURSE-1942	CB-2	3	2047472
3001944	COURSE-1943	CB-3	3	2038453
3001945	COURSE-1944	CB-2	2	2011471
3001946	COURSE-1945	CB-2	2	2013926
3001947	COURSE-1946	CB-2	1	2030513
3001948	COURSE-1947	CB-1	2	2007797
3001949	COURSE-1948	CB-3	2	2049327
3001950	COURSE-1949	CB-3	3	2003304
3001951	COURSE-1950	CB-2	1	2029895
3001952	COURSE-1951	CB-2	3	2001717
3001953	COURSE-1952	CB-1	2	2043477
3001954	COURSE-1953	CB-1	2	2003997
3001955	COURSE-1954	CB-1	3	2036946
3001956	COURSE-1955	CB-1	2	2006959
3001957	COURSE-1956	CB-2	3	2033555
3001958	COURSE-1957	CB-1	3	2029595
3001959	COURSE-1958	CB-1	1	2025510
3001960	COURSE-1959	CB-2	2	2022972
3001961	COURSE-1960	CB-3	2	2018832
3001962	COURSE-1961	CB-2	4	2013262
3001963	COURSE-1962	CB-3	3	2039024
3001964	COURSE-1963	CB-2	3	2044405
3001965	COURSE-1964	CB-3	4	2033220
3001966	COURSE-1965	CB-2	1	2024749
3001967	COURSE-1966	CB-1	3	2019182
3001968	COURSE-1967	CB-2	4	2009665
3001969	COURSE-1968	CB-2	3	2028510
3001970	COURSE-1969	CB-1	3	2016236
3001971	COURSE-1970	CB-3	4	2002739
3001972	COURSE-1971	CB-2	2	2012395
3001973	COURSE-1972	CB-2	2	2048621
3001974	COURSE-1973	CB-2	2	2032660
3001975	COURSE-1974	CB-3	1	2045584
3001976	COURSE-1975	CB-2	3	2007944
3001977	COURSE-1976	CB-3	2	2041191
3001978	COURSE-1977	CB-1	3	2026631
3001979	COURSE-1978	CB-1	3	2007451
3001980	COURSE-1979	CB-1	2	2006943
3001981	COURSE-1980	CB-3	2	2010897
3001982	COURSE-1981	CB-3	4	2039896
3001983	COURSE-1982	CB-2	3	2032547
3001984	COURSE-1983	CB-1	3	2026726
3001985	COURSE-1984	CB-2	3	2032899
3001986	COURSE-1985	CB-2	2	2012108
3001987	COURSE-1986	CB-2	1	2015253
3001988	COURSE-1987	CB-2	3	2035120
3001989	COURSE-1988	CB-3	3	2043374
3001990	COURSE-1989	CB-2	3	2000536
3001991	COURSE-1990	CB-3	3	2017857
3001992	COURSE-1991	CB-3	3	2010687
3001993	COURSE-1992	CB-1	4	2042342
3001994	COURSE-1993	CB-1	2	2034827
3001995	COURSE-1994	CB-2	2	2012069
3001996	COURSE-1995	CB-1	1	2033220
3001997	COURSE-1996	CB-2	2	2049068
3001998	COURSE-1997	CB-1	2	2032277
3001999	COURSE-1998	CB-2	3	2031829
3002000	COURSE-1999	CB-1	3	2039808
3002001	COURSE-2000	CB-1	2	2006589
3002002	COURSE-2001	CB-2	3	2036364
3002003	COURSE-2002	CB-3	4	2030579
3002004	COURSE-2003	CB-2	1	2037353
3002005	COURSE-2004	CB-1	3	2036783
3002006	COURSE-2005	CB-3	3	2008290
3002007	COURSE-2006	CB-1	1	2023162
3002008	COURSE-2007	CB-2	1	2037169
3002009	COURSE-2008	CB-3	2	2019659
3002010	COURSE-2009	CB-2	3	2026068
3002011	COURSE-2010	CB-2	1	2020987
3002012	COURSE-2011	CB-1	2	2014774
3002013	COURSE-2012	CB-1	1	2034932
3002014	COURSE-2013	CB-2	3	2046278
3002015	COURSE-2014	CB-2	2	2008186
3002016	COURSE-2015	CB-3	2	2012374
3002017	COURSE-2016	CB-3	1	2012265
3002018	COURSE-2017	CB-2	2	2040268
3002019	COURSE-2018	CB-2	1	2044616
3002020	COURSE-2019	CB-3	2	2045681
3002021	COURSE-2020	CB-3	3	2028493
3002022	COURSE-2021	CB-2	3	2039255
3002023	COURSE-2022	CB-3	1	2018227
3002024	COURSE-2023	CB-2	2	2048882
3002025	COURSE-2024	CB-3	3	2014561
3002026	COURSE-2025	CB-1	1	2021623
3002027	COURSE-2026	CB-1	1	2028640
3002028	COURSE-2027	CB-2	1	2022234
3002029	COURSE-2028	CB-2	3	2028693
3002030	COURSE-2029	CB-1	3	2045159
3002031	COURSE-2030	CB-2	1	2040719
3002032	COURSE-2031	CB-1	3	2006640
3002033	COURSE-2032	CB-3	1	2039738
3002034	COURSE-2033	CB-1	2	2033088
3002035	COURSE-2034	CB-2	2	2045638
3002036	COURSE-2035	CB-1	2	2018040
3002037	COURSE-2036	CB-2	1	2037123
3002038	COURSE-2037	CB-1	3	2028177
3002039	COURSE-2038	CB-3	2	2029045
3002040	COURSE-2039	CB-3	4	2041848
3002041	COURSE-2040	CB-1	3	2029401
3002042	COURSE-2041	CB-1	1	2023154
3002043	COURSE-2042	CB-2	4	2018882
3002044	COURSE-2043	CB-3	2	2037230
3002045	COURSE-2044	CB-3	3	2028541
3002046	COURSE-2045	CB-1	1	2001728
3002047	COURSE-2046	CB-3	3	2026952
3002048	COURSE-2047	CB-3	1	2021066
3002049	COURSE-2048	CB-3	4	2021583
3002050	COURSE-2049	CB-1	2	2020326
3002051	COURSE-2050	CB-2	3	2025088
3002052	COURSE-2051	CB-1	1	2035953
3002053	COURSE-2052	CB-1	3	2045611
3002054	COURSE-2053	CB-2	3	2033512
3002055	COURSE-2054	CB-3	1	2036204
3002056	COURSE-2055	CB-1	4	2006565
3002057	COURSE-2056	CB-2	1	2020074
3002058	COURSE-2057	CB-1	3	2036655
3002059	COURSE-2058	CB-3	2	2006537
3002060	COURSE-2059	CB-2	2	2040768
3002061	COURSE-2060	CB-1	3	2010816
3002062	COURSE-2061	CB-3	1	2024492
3002063	COURSE-2062	CB-2	1	2032234
3002064	COURSE-2063	CB-1	2	2002027
3002065	COURSE-2064	CB-2	1	2047590
3002066	COURSE-2065	CB-1	4	2031297
3002067	COURSE-2066	CB-1	4	2035005
3002068	COURSE-2067	CB-2	3	2019043
3002069	COURSE-2068	CB-2	1	2006064
3002070	COURSE-2069	CB-3	3	2028112
3002071	COURSE-2070	CB-2	4	2008507
3002072	COURSE-2071	CB-2	3	2028444
3002073	COURSE-2072	CB-2	1	2034317
3002074	COURSE-2073	CB-3	1	2004940
3002075	COURSE-2074	CB-2	3	2000203
3002076	COURSE-2075	CB-3	1	2043288
3002077	COURSE-2076	CB-3	3	2004435
3002078	COURSE-2077	CB-2	4	2036600
3002079	COURSE-2078	CB-3	1	2039199
3002080	COURSE-2079	CB-2	2	2018718
3002081	COURSE-2080	CB-1	2	2040560
3002082	COURSE-2081	CB-3	3	2048234
3002083	COURSE-2082	CB-2	2	2001502
3002084	COURSE-2083	CB-1	1	2043165
3002085	COURSE-2084	CB-2	3	2013197
3002086	COURSE-2085	CB-3	2	2020801
3002087	COURSE-2086	CB-1	2	2034418
3002088	COURSE-2087	CB-2	2	2011219
3002089	COURSE-2088	CB-1	3	2044187
3002090	COURSE-2089	CB-3	2	2018308
3002091	COURSE-2090	CB-1	3	2034989
3002092	COURSE-2091	CB-3	2	2028984
3002093	COURSE-2092	CB-3	1	2025153
3002094	COURSE-2093	CB-2	2	2021353
3002095	COURSE-2094	CB-3	2	2019621
3002096	COURSE-2095	CB-2	3	2010710
3002097	COURSE-2096	CB-2	3	2014046
3002098	COURSE-2097	CB-1	4	2005595
3002099	COURSE-2098	CB-3	2	2044493
3002100	COURSE-2099	CB-2	3	2003841
3002101	COURSE-2100	CB-3	2	2016115
3002102	COURSE-2101	CB-2	4	2021806
3002103	COURSE-2102	CB-3	1	2005304
3002104	COURSE-2103	CB-2	1	2039226
3002105	COURSE-2104	CB-3	3	2038172
3002106	COURSE-2105	CB-2	2	2028726
3002107	COURSE-2106	CB-1	3	2018981
3002108	COURSE-2107	CB-1	3	2047281
3002109	COURSE-2108	CB-2	3	2030206
3002110	COURSE-2109	CB-1	2	2019377
3002111	COURSE-2110	CB-1	2	2044562
3002112	COURSE-2111	CB-1	2	2033815
3002113	COURSE-2112	CB-1	2	2008013
3002114	COURSE-2113	CB-1	1	2000014
3002115	COURSE-2114	CB-1	1	2012033
3002116	COURSE-2115	CB-1	2	2034838
3002117	COURSE-2116	CB-2	3	2022534
3002118	COURSE-2117	CB-3	2	2025824
3002119	COURSE-2118	CB-3	1	2002419
3002120	COURSE-2119	CB-3	2	2003010
3002121	COURSE-2120	CB-3	3	2000799
3002122	COURSE-2121	CB-1	1	2031030
3002123	COURSE-2122	CB-3	3	2010341
3002124	COURSE-2123	CB-3	3	2044145
3002125	COURSE-2124	CB-3	3	2034188
3002126	COURSE-2125	CB-1	1	2001319
3002127	COURSE-2126	CB-3	3	2003485
3002128	COURSE-2127	CB-1	4	2021667
3002129	COURSE-2128	CB-1	1	2049827
3002130	COURSE-2129	CB-1	1	2024178
3002131	COURSE-2130	CB-3	1	2031023
3002132	COURSE-2131	CB-2	3	2010327
3002133	COURSE-2132	CB-3	4	2041385
3002134	COURSE-2133	CB-1	4	2019882
3002135	COURSE-2134	CB-3	2	2010400
3002136	COURSE-2135	CB-1	2	2008105
3002137	COURSE-2136	CB-1	1	2035352
3002138	COURSE-2137	CB-3	4	2049335
3002139	COURSE-2138	CB-3	4	2013080
3002140	COURSE-2139	CB-1	1	2033115
3002141	COURSE-2140	CB-1	1	2048261
3002142	COURSE-2141	CB-2	2	2023427
3002143	COURSE-2142	CB-1	3	2008583
3002144	COURSE-2143	CB-2	3	2028400
3002145	COURSE-2144	CB-1	1	2042206
3002146	COURSE-2145	CB-1	1	2006042
3002147	COURSE-2146	CB-3	2	2000237
3002148	COURSE-2147	CB-3	1	2045522
3002149	COURSE-2148	CB-3	1	2035798
3002150	COURSE-2149	CB-2	1	2044647
3002151	COURSE-2150	CB-1	1	2004058
3002152	COURSE-2151	CB-3	3	2035645
3002153	COURSE-2152	CB-1	2	2042009
3002154	COURSE-2153	CB-3	3	2039127
3002155	COURSE-2154	CB-1	3	2023126
3002156	COURSE-2155	CB-3	3	2015676
3002157	COURSE-2156	CB-1	3	2022937
3002158	COURSE-2157	CB-2	3	2011228
3002159	COURSE-2158	CB-2	2	2023623
3002160	COURSE-2159	CB-2	1	2005449
3002161	COURSE-2160	CB-1	1	2005690
3002162	COURSE-2161	CB-2	4	2045331
3002163	COURSE-2162	CB-1	3	2043345
3002164	COURSE-2163	CB-1	2	2024414
3002165	COURSE-2164	CB-2	4	2046823
3002166	COURSE-2165	CB-3	2	2026985
3002167	COURSE-2166	CB-3	2	2024955
3002168	COURSE-2167	CB-2	2	2026467
3002169	COURSE-2168	CB-2	3	2004471
3002170	COURSE-2169	CB-1	3	2035168
3002171	COURSE-2170	CB-3	3	2045669
3002172	COURSE-2171	CB-3	1	2029847
3002173	COURSE-2172	CB-3	2	2031177
3002174	COURSE-2173	CB-1	3	2027985
3002175	COURSE-2174	CB-1	1	2010493
3002176	COURSE-2175	CB-1	2	2029762
3002177	COURSE-2176	CB-1	2	2046223
3002178	COURSE-2177	CB-1	1	2043670
3002179	COURSE-2178	CB-3	2	2013612
3002180	COURSE-2179	CB-3	2	2033818
3002181	COURSE-2180	CB-3	3	2029536
3002182	COURSE-2181	CB-3	3	2000811
3002183	COURSE-2182	CB-2	2	2014547
3002184	COURSE-2183	CB-3	1	2028656
3002185	COURSE-2184	CB-3	2	2034725
3002186	COURSE-2185	CB-1	3	2031751
3002187	COURSE-2186	CB-2	1	2002224
3002188	COURSE-2187	CB-2	2	2019310
3002189	COURSE-2188	CB-1	2	2028413
3002190	COURSE-2189	CB-3	1	2029671
3002191	COURSE-2190	CB-1	2	2037727
3002192	COURSE-2191	CB-1	2	2024784
3002193	COURSE-2192	CB-1	3	2000723
3002194	COURSE-2193	CB-1	2	2023291
3002195	COURSE-2194	CB-2	3	2021912
3002196	COURSE-2195	CB-2	2	2017778
3002197	COURSE-2196	CB-1	3	2043499
3002198	COURSE-2197	CB-3	3	2012267
3002199	COURSE-2198	CB-3	3	2026924
3002200	COURSE-2199	CB-3	3	2044491
3002201	COURSE-2200	CB-2	1	2035687
3002202	COURSE-2201	CB-1	3	2014151
3002203	COURSE-2202	CB-1	1	2031391
3002204	COURSE-2203	CB-2	1	2008944
3002205	COURSE-2204	CB-2	3	2036862
3002206	COURSE-2205	CB-2	4	2037209
3002207	COURSE-2206	CB-2	2	2038329
3002208	COURSE-2207	CB-3	1	2047107
3002209	COURSE-2208	CB-1	2	2038464
3002210	COURSE-2209	CB-1	2	2007815
3002211	COURSE-2210	CB-1	2	2017832
3002212	COURSE-2211	CB-2	3	2028943
3002213	COURSE-2212	CB-3	1	2037749
3002214	COURSE-2213	CB-3	3	2037913
3002215	COURSE-2214	CB-2	3	2026570
3002216	COURSE-2215	CB-1	2	2011923
3002217	COURSE-2216	CB-2	2	2014680
3002218	COURSE-2217	CB-1	3	2007517
3002219	COURSE-2218	CB-2	3	2017725
3002220	COURSE-2219	CB-1	3	2000792
3002221	COURSE-2220	CB-1	1	2022792
3002222	COURSE-2221	CB-2	2	2034010
3002223	COURSE-2222	CB-2	2	2043870
3002224	COURSE-2223	CB-3	1	2044302
3002225	COURSE-2224	CB-3	3	2034540
3002226	COURSE-2225	CB-2	3	2033983
3002227	COURSE-2226	CB-2	1	2006437
3002228	COURSE-2227	CB-1	4	2001589
3002229	COURSE-2228	CB-3	1	2017700
3002230	COURSE-2229	CB-1	3	2008571
3002231	COURSE-2230	CB-3	1	2028855
3002232	COURSE-2231	CB-1	2	2044034
3002233	COURSE-2232	CB-1	3	2046021
3002234	COURSE-2233	CB-1	2	2047822
3002235	COURSE-2234	CB-2	3	2005398
3002236	COURSE-2235	CB-1	2	2016636
3002237	COURSE-2236	CB-2	3	2014414
3002238	COURSE-2237	CB-2	2	2038605
3002239	COURSE-2238	CB-3	1	2003489
3002240	COURSE-2239	CB-1	2	2043689
3002241	COURSE-2240	CB-2	3	2020193
3002242	COURSE-2241	CB-1	2	2049149
3002243	COURSE-2242	CB-2	1	2017155
3002244	COURSE-2243	CB-3	1	2015256
3002245	COURSE-2244	CB-1	4	2025672
3002246	COURSE-2245	CB-2	2	2029345
3002247	COURSE-2246	CB-2	1	2027298
3002248	COURSE-2247	CB-2	2	2033922
3002249	COURSE-2248	CB-2	1	2006380
3002250	COURSE-2249	CB-2	3	2012194
3002251	COURSE-2250	CB-1	2	2021773
3002252	COURSE-2251	CB-1	3	2041720
3002253	COURSE-2252	CB-1	1	2024841
3002254	COURSE-2253	CB-2	3	2004604
3002255	COURSE-2254	CB-1	1	2008544
3002256	COURSE-2255	CB-3	3	2009645
3002257	COURSE-2256	CB-2	1	2000455
3002258	COURSE-2257	CB-3	3	2023147
3002259	COURSE-2258	CB-2	1	2039409
3002260	COURSE-2259	CB-1	4	2027761
3002261	COURSE-2260	CB-1	2	2018927
3002262	COURSE-2261	CB-1	2	2023605
3002263	COURSE-2262	CB-1	3	2014926
3002264	COURSE-2263	CB-1	2	2003508
3002265	COURSE-2264	CB-1	2	2040679
3002266	COURSE-2265	CB-3	3	2010803
3002267	COURSE-2266	CB-3	2	2006210
3002268	COURSE-2267	CB-1	4	2008412
3002269	COURSE-2268	CB-1	3	2018759
3002270	COURSE-2269	CB-1	2	2018385
3002271	COURSE-2270	CB-2	3	2039450
3002272	COURSE-2271	CB-3	2	2017141
3002273	COURSE-2272	CB-3	3	2020387
3002274	COURSE-2273	CB-2	3	2019122
3002275	COURSE-2274	CB-1	2	2024453
3002276	COURSE-2275	CB-1	3	2035157
3002277	COURSE-2276	CB-1	1	2033225
3002278	COURSE-2277	CB-3	1	2037473
3002279	COURSE-2278	CB-2	3	2005801
3002280	COURSE-2279	CB-1	1	2002280
3002281	COURSE-2280	CB-2	1	2040351
3002282	COURSE-2281	CB-2	1	2005131
3002283	COURSE-2282	CB-1	2	2023807
3002284	COURSE-2283	CB-2	2	2031276
3002285	COURSE-2284	CB-3	1	2020210
3002286	COURSE-2285	CB-2	1	2035176
3002287	COURSE-2286	CB-1	3	2049951
3002288	COURSE-2287	CB-1	3	2023972
3002289	COURSE-2288	CB-3	2	2039847
3002290	COURSE-2289	CB-1	2	2021144
3002291	COURSE-2290	CB-2	3	2021562
3002292	COURSE-2291	CB-1	1	2018284
3002293	COURSE-2292	CB-2	1	2014843
3002294	COURSE-2293	CB-2	2	2009742
3002295	COURSE-2294	CB-1	3	2024633
3002296	COURSE-2295	CB-3	3	2043987
3002297	COURSE-2296	CB-2	2	2034301
3002298	COURSE-2297	CB-1	1	2038951
3002299	COURSE-2298	CB-1	4	2024194
3002300	COURSE-2299	CB-3	1	2031406
3002301	COURSE-2300	CB-2	3	2000051
3002302	COURSE-2301	CB-2	4	2004332
3002303	COURSE-2302	CB-1	1	2035096
3002304	COURSE-2303	CB-2	3	2038163
3002305	COURSE-2304	CB-3	1	2018033
3002306	COURSE-2305	CB-2	3	2028020
3002307	COURSE-2306	CB-3	3	2013856
3002308	COURSE-2307	CB-3	3	2002813
3002309	COURSE-2308	CB-1	3	2028139
3002310	COURSE-2309	CB-2	3	2000862
3002311	COURSE-2310	CB-1	2	2038658
3002312	COURSE-2311	CB-3	1	2026626
3002313	COURSE-2312	CB-3	1	2010560
3002314	COURSE-2313	CB-1	2	2027186
3002315	COURSE-2314	CB-2	1	2026368
3002316	COURSE-2315	CB-3	2	2023549
3002317	COURSE-2316	CB-1	2	2031627
3002318	COURSE-2317	CB-2	3	2034147
3002319	COURSE-2318	CB-1	2	2040679
3002320	COURSE-2319	CB-1	1	2018997
3002321	COURSE-2320	CB-2	4	2035428
3002322	COURSE-2321	CB-1	1	2020553
3002323	COURSE-2322	CB-3	3	2011586
3002324	COURSE-2323	CB-1	1	2003869
3002325	COURSE-2324	CB-1	1	2034097
3002326	COURSE-2325	CB-1	2	2024568
3002327	COURSE-2326	CB-3	4	2036979
3002328	COURSE-2327	CB-3	3	2042679
3002329	COURSE-2328	CB-1	2	2042615
3002330	COURSE-2329	CB-3	1	2027969
3002331	COURSE-2330	CB-1	3	2011643
3002332	COURSE-2331	CB-3	3	2012684
3002333	COURSE-2332	CB-2	3	2023741
3002334	COURSE-2333	CB-2	1	2025110
3002335	COURSE-2334	CB-1	2	2022961
3002336	COURSE-2335	CB-3	3	2001488
3002337	COURSE-2336	CB-3	3	2001555
3002338	COURSE-2337	CB-3	4	2033946
3002339	COURSE-2338	CB-3	1	2028658
3002340	COURSE-2339	CB-3	3	2012676
3002341	COURSE-2340	CB-1	3	2038800
3002342	COURSE-2341	CB-2	1	2008850
3002343	COURSE-2342	CB-1	2	2027143
3002344	COURSE-2343	CB-1	3	2026964
3002345	COURSE-2344	CB-3	1	2025569
3002346	COURSE-2345	CB-2	3	2008983
3002347	COURSE-2346	CB-1	2	2032703
3002348	COURSE-2347	CB-1	3	2016108
3002349	COURSE-2348	CB-2	2	2026251
3002350	COURSE-2349	CB-2	3	2034922
3002351	COURSE-2350	CB-1	3	2005802
3002352	COURSE-2351	CB-3	3	2022387
3002353	COURSE-2352	CB-1	1	2026648
3002354	COURSE-2353	CB-1	3	2027004
3002355	COURSE-2354	CB-1	1	2023529
3002356	COURSE-2355	CB-2	2	2003329
3002357	COURSE-2356	CB-2	2	2014098
